PRAGMA foreign_keys=OFF;
BEGIN TRANSACTION;
CREATE TABLE IF NOT EXISTS "migrations" ("id" integer primary key autoincrement not null, "migration" varchar not null, "batch" integer not null);
INSERT INTO migrations VALUES(1,'0001_01_01_000000_create_users_table',1);
INSERT INTO migrations VALUES(2,'0001_01_01_000001_create_cache_table',1);
INSERT INTO migrations VALUES(3,'0001_01_01_000002_create_jobs_table',1);
INSERT INTO migrations VALUES(4,'2025_05_26_005234_add_two_factor_columns_to_users_table',1);
INSERT INTO migrations VALUES(5,'2025_05_26_005239_create_personal_access_tokens_table',1);
INSERT INTO migrations VALUES(6,'2020_02_09_000001_create_twill_default_users_tables',2);
INSERT INTO migrations VALUES(7,'2020_02_09_000002_create_twill_default_blocks_table',2);
INSERT INTO migrations VALUES(8,'2020_02_09_000003_create_twill_default_medias_tables',2);
INSERT INTO migrations VALUES(9,'2020_02_09_000004_create_twill_default_files_tables',2);
INSERT INTO migrations VALUES(10,'2020_02_09_000005_create_twill_default_settings_table',2);
INSERT INTO migrations VALUES(11,'2020_02_09_000006_create_twill_default_tags_tables',2);
INSERT INTO migrations VALUES(12,'2020_02_09_000007_create_twill_default_activity_log_table',2);
INSERT INTO migrations VALUES(13,'2020_02_09_000008_create_twill_default_features_table',2);
INSERT INTO migrations VALUES(14,'2020_02_09_000010_create_twill_default_related_table',2);
INSERT INTO migrations VALUES(15,'2020_02_09_000011_add_locale_column_to_twill_default-mediables',2);
INSERT INTO migrations VALUES(16,'2020_02_09_000012_change_locale_column_in_twill_default_fileables',2);
INSERT INTO migrations VALUES(17,'2020_02_09_000013_add_language_column_to_twill_default_users',2);
INSERT INTO migrations VALUES(18,'2020_02_09_000014_add_editor_name_column_to_blocks_table',2);
INSERT INTO migrations VALUES(19,'2020_02_09_000015_add_position_to_twill_default_mediables_table',2);
INSERT INTO migrations VALUES(20,'2020_02_09_000016_add_position_to_twill_default_fileables_table',2);
INSERT INTO migrations VALUES(21,'2021_07_08_000001_update_twill_default_users_table',2);
INSERT INTO migrations VALUES(22,'2022_01_25_000015_add_columns_to_activity_log_table',2);
INSERT INTO migrations VALUES(23,'2022_04_05_000015_update_activity_log_morph_size',2);
INSERT INTO migrations VALUES(24,'2022_08_29_110837_create_app_settings_tables',2);
INSERT INTO migrations VALUES(25,'2023_01_17_111835_add_cascade_on_delete_to_password_resets',2);
INSERT INTO migrations VALUES(26,'2023_01_22_113529_fix_component_block_names',2);
INSERT INTO migrations VALUES(27,'2023_01_22_113529_fix_component_block_names_2',2);
INSERT INTO migrations VALUES(28,'2023_03_24_125122_add_id_to_related',2);
INSERT INTO migrations VALUES(29,'2025_05_26_010656_create_page_homes_tables',3);
INSERT INTO migrations VALUES(30,'2025_05_26_071623_create_menu_links_tables',4);
INSERT INTO migrations VALUES(32,'2025_05_26_072646_create_pages_tables',5);
INSERT INTO migrations VALUES(33,'2025_05_26_192403_create_programs_tables',6);
INSERT INTO migrations VALUES(34,'2025_05_27_030349_create_news_tables',7);
INSERT INTO migrations VALUES(35,'2025_05_29_044719_update_users',8);
INSERT INTO migrations VALUES(36,'2025_05_29_063435_create_sidemenus_tables',9);
INSERT INTO migrations VALUES(37,'2025_05_30_005305_create_tkdmenus_tables',10);
INSERT INTO migrations VALUES(38,'2025_06_06_092545_update_users_table',11);
INSERT INTO migrations VALUES(39,'2025_06_07_002016_create_profiles_tables',12);
CREATE TABLE IF NOT EXISTS "users" ("id" integer primary key autoincrement not null, "email" varchar not null, "email_verified_at" datetime, "password" varchar not null, "remember_token" varchar, "current_team_id" integer, "profile_photo_path" varchar, "created_at" datetime, "updated_at" datetime, "two_factor_secret" text, "two_factor_recovery_codes" text, "two_factor_confirmed_at" datetime, "first_name" varchar, "last_name" varchar, name VARCHAR(255));
INSERT INTO users VALUES(25,'mwelby@yes.com',NULL,'$2y$12$rALjSF3jfktewZoPVsIpz.s4zVpz.uUPgUahXlv6IAQqJ.g0SkFFC',NULL,NULL,NULL,'2025-06-07 04:46:59','2025-06-07 04:46:59',NULL,NULL,NULL,'Marcus','Welby',NULL);
INSERT INTO users VALUES(26,'jt@yes.om',NULL,'$2y$12$F1nIw0o7n550BpPKH7j2p.mwzX5jMJv2qPApjeWyUsYKttCUFNTn6',NULL,NULL,NULL,'2025-06-07 05:12:52','2025-06-07 05:12:52',NULL,NULL,NULL,'John','Thomas',NULL);
INSERT INTO users VALUES(27,'fat@benny.com',NULL,'$2y$12$8xTq6TZo7ksypFM6lR/t9e1go7kK5KZuM6D9Ax8ah.4bj6KU6e19O',NULL,NULL,NULL,'2025-06-08 13:23:28','2025-06-08 13:23:28',NULL,NULL,NULL,'Fat','Benny',NULL);
CREATE TABLE IF NOT EXISTS "password_reset_tokens" ("email" varchar not null, "token" varchar not null, "created_at" datetime, primary key ("email"));
CREATE TABLE IF NOT EXISTS "sessions" ("id" varchar not null, "user_id" integer, "ip_address" varchar, "user_agent" text, "payload" text not null, "last_activity" integer not null, primary key ("id"));
INSERT INTO sessions VALUES('PqcBaAA5x9ADSESDYmVlu2rhHohn2Ct7p63mRJfS',27,'127.0.0.1','Mozilla/5.0 (Macintosh; Intel Mac OS X 10_15_7) AppleWebKit/537.36 (KHTML, like Gecko) Chrome/134.0.0.0 Safari/537.36 OPR/119.0.0.0','YToxMTp7czozOiJ1cmwiO2E6MDp7fXM6NjoiX2ZsYXNoIjthOjI6e3M6Mzoib2xkIjthOjA6e31zOjM6Im5ldyI7YTowOnt9fXM6NjoiX3Rva2VuIjtzOjQwOiJCTEMzQnZ3d2w1dVM2TmhmT0Y5dkowcEs5ajQ1Z0JaOFdORU5FVVpLIjtzOjUwOiJsb2dpbl93ZWJfNTliYTM2YWRkYzJiMmY5NDAxNTgwZjAxNGM3ZjU4ZWE0ZTMwOTg5ZCI7aToyNztzOjIxOiJwYXNzd29yZF9oYXNoX3NhbmN0dW0iO3M6NjA6IiQyeSQxMiQ4eFRxNlRabzdrc3lwRk02bFIvdDllMWdvN2tLNUtadU02RDlBeDhhaC40Ymo2S1U2ZTE5TyI7czo5OiJfcHJldmlvdXMiO2E6MTp7czozOiJ1cmwiO3M6MzE6Imh0dHA6Ly9sb2NhbGhvc3Q6ODAwMC9kYXNoYm9hcmQiO31zOjU4OiJsb2dpbl90d2lsbF91c2Vyc181OWJhMzZhZGRjMmIyZjk0MDE1ODBmMDE0YzdmNThlYTRlMzA5ODlkIjtpOjE7czo0OiJhdXRoIjthOjE6e3M6MjE6InBhc3N3b3JkX2NvbmZpcm1lZF9hdCI7aToxNzQ5Mzg5MDY1O31zOjIyOiJQSFBERUJVR0JBUl9TVEFDS19EQVRBIjthOjA6e31zOjE4OiJwcm9maWxlc19iYWNrX2xpbmsiO3M6MzY6Imh0dHA6Ly9sb2NhbGhvc3Q6ODAwMC9hZG1pbi9wcm9maWxlcyI7czoxODoidGtkbWVudXNfYmFja19saW5rIjtzOjM2OiJodHRwOi8vbG9jYWxob3N0OjgwMDAvYWRtaW4vdGtkbWVudXMiO30=',1749396812);
CREATE TABLE IF NOT EXISTS "cache" ("key" varchar not null, "value" text not null, "expiration" integer not null, primary key ("key"));
CREATE TABLE IF NOT EXISTS "cache_locks" ("key" varchar not null, "owner" varchar not null, "expiration" integer not null, primary key ("key"));
CREATE TABLE IF NOT EXISTS "jobs" ("id" integer primary key autoincrement not null, "queue" varchar not null, "payload" text not null, "attempts" integer not null, "reserved_at" integer, "available_at" integer not null, "created_at" integer not null);
CREATE TABLE IF NOT EXISTS "job_batches" ("id" varchar not null, "name" varchar not null, "total_jobs" integer not null, "pending_jobs" integer not null, "failed_jobs" integer not null, "failed_job_ids" text not null, "options" text, "cancelled_at" integer, "created_at" integer not null, "finished_at" integer, primary key ("id"));
CREATE TABLE IF NOT EXISTS "failed_jobs" ("id" integer primary key autoincrement not null, "uuid" varchar not null, "connection" text not null, "queue" text not null, "payload" text not null, "exception" text not null, "failed_at" datetime not null default CURRENT_TIMESTAMP);
CREATE TABLE IF NOT EXISTS "personal_access_tokens" ("id" integer primary key autoincrement not null, "tokenable_type" varchar not null, "tokenable_id" integer not null, "name" varchar not null, "token" varchar not null, "abilities" text, "last_used_at" datetime, "expires_at" datetime, "created_at" datetime, "updated_at" datetime);
CREATE TABLE IF NOT EXISTS "twill_users" ("id" integer primary key autoincrement not null, "deleted_at" datetime, "created_at" datetime, "updated_at" datetime, "published" tinyint(1) not null default '0', "name" varchar not null, "email" varchar not null, "password" varchar, "role" varchar not null, "title" varchar, "description" text, "remember_token" varchar, "language" varchar, "last_login_at" datetime, "registered_at" datetime, "require_new_password" tinyint(1) not null default '0');
INSERT INTO twill_users VALUES(1,NULL,'2025-05-26 00:53:41','2025-06-08 13:24:25',1,'Admin','dev@nolimitsmaf.com','$2y$12$0CZb6T6MdRmP5tev2jugROYMKBvidyIk3BFOD9hHURQT7fYtWz5Uu','SUPERADMIN',NULL,NULL,NULL,NULL,'2025-06-08 13:24:25','2025-05-26 00:53:41',0);
CREATE TABLE IF NOT EXISTS "twill_blocks" ("id" integer primary key autoincrement not null, "blockable_id" integer, "blockable_type" varchar, "position" integer not null, "content" text not null, "type" varchar not null, "child_key" varchar, "parent_id" integer, "editor_name" varchar);
INSERT INTO twill_blocks VALUES(1,1,'App\Models\PageHome',2,'{"variant":"default","button_link":{"en":"\/register"},"button_text":{"en":"Join Us"}}','common-hero',NULL,NULL,'default');
INSERT INTO twill_blocks VALUES(2,1,'App\Models\PageHome',1,'{"level":"h1","heading":{"en":"Reach Your Goals With No Limits"}}','common-heading',NULL,NULL,'default');
INSERT INTO twill_blocks VALUES(3,1,'App\Models\Page',1,'{"type":"stack","heading":"We Remove the Limits to a Healthier You"}','common-cardblock',NULL,NULL,'default');
INSERT INTO twill_blocks VALUES(4,1,'App\Models\Page',1,'{"heading":"Time No Limit","details":"At No Limits Martial Arts and Fitness, your schedule is our priority. Whether you''re dropping in for a single session or committing to a monthly membership, we\u2019ve got options to fit your life. Walk-ins are always welcome, and for those ready to take the leap, we offer discounts for monthly payments in advance. Ready when you are \u2014 let\u2019s remove the limits of time."}','dynamic-repeater-cards','cards',3,'default');
INSERT INTO twill_blocks VALUES(5,1,'App\Models\Page',2,'{"heading":"Location No Limit","details":"No Limits is closer than you think! Our main branch is conveniently located in Beaverdam, VA, and we\u2019re proud to have a satellite location at Reynolds Community College. Looking for something even closer? We\u2019re open to expanding into new neighborhoods, organizations, or businesses. If you\u2019d like to see No Limits in your area, let\u2019s talk \u2014 together, we can make it happen."}','dynamic-repeater-cards','cards',3,'default');
INSERT INTO twill_blocks VALUES(6,1,'App\Models\Page',3,'{"heading":"Ability No Limit","details":"At No Limits Martial Arts and Fitness, your starting point is just the beginning. From seasoned athletes seeking to refine their skills to beginners taking their first steps toward fitness, we\u2019re here to guide you. Our customized plans meet you where you are, building confidence, strength, and agility at your pace. Whatever your ability, we\u2019ll help you achieve your goals \u2014 no limits required."}','dynamic-repeater-cards','cards',3,'default');
INSERT INTO twill_blocks VALUES(7,2,'App\Models\Page',1,'{"heading":"Meet Our Team","type":"profile"}','common-cardblock',NULL,NULL,'default');
INSERT INTO twill_blocks VALUES(8,2,'App\Models\Page',1,'{"heading":"Brianne Jackson","details":"Master"}','dynamic-repeater-cards','cards',7,'default');
INSERT INTO twill_blocks VALUES(9,2,'App\Models\Page',2,'{"heading":"Juliet Ruiz","details":"Instructor"}','dynamic-repeater-cards','cards',7,'default');
INSERT INTO twill_blocks VALUES(10,2,'App\Models\Page',3,'{"heading":"Kelly Tyger","details":"Instructor"}','dynamic-repeater-cards','cards',7,'default');
INSERT INTO twill_blocks VALUES(11,3,'page',1,'{"type":"profile","heading":"Meet Our Team"}','common-cardblock',NULL,NULL,'default');
INSERT INTO twill_blocks VALUES(12,3,'page',1,'{"heading":"Brianne Jackson","details":"Master"}','dynamic-repeater-cards','cards',11,'default');
INSERT INTO twill_blocks VALUES(13,1,'pageHome',1,'{"heading":{"en":"Reach Your Goals With No Limits"},"level":"h1"}','common-heading',NULL,NULL,'default');
INSERT INTO twill_blocks VALUES(14,1,'pageHome',2,'{"variant":"default","button_link":{"en":"\/register"},"button_text":{"en":"Join Us"}}','common-hero',NULL,NULL,'default');
INSERT INTO twill_blocks VALUES(15,1,'page',1,'{"heading":"We Remove the Limits to a Healthier You","type":"stack"}','common-cardblock',NULL,NULL,'default');
INSERT INTO twill_blocks VALUES(16,1,'page',1,'{"heading":"Time No Limit","details":"At No Limits Martial Arts and Fitness, your schedule is our priority. Whether you''re dropping in for a single session or committing to a monthly membership, we\u2019ve got options to fit your life. Walk-ins are always welcome, and for those ready to take the leap, we offer discounts for monthly payments in advance. Ready when you are \u2014 let\u2019s remove the limits of time."}','dynamic-repeater-cards','cards',15,'default');
INSERT INTO twill_blocks VALUES(17,1,'page',2,'{"heading":"Location No Limit","details":"No Limits is closer than you think! Our main branch is conveniently located in Beaverdam, VA, and we\u2019re proud to have a satellite location at Reynolds Community College. Looking for something even closer? We\u2019re open to expanding into new neighborhoods, organizations, or businesses. If you\u2019d like to see No Limits in your area, let\u2019s talk \u2014 together, we can make it happen."}','dynamic-repeater-cards','cards',15,'default');
INSERT INTO twill_blocks VALUES(18,1,'page',3,'{"heading":"Experience No Limit","details":"At No Limits Martial Arts and Fitness, your starting point is just the beginning. From seasoned athletes seeking to refine their skills to beginners taking their first steps toward fitness, we\u2019re here to guide you. Our customized plans meet you where you are, building confidence, strength, and agility at your pace. Whatever your ability, we\u2019ll help you achieve your goals \u2014 no limits required."}','dynamic-repeater-cards','cards',15,'default');
INSERT INTO twill_blocks VALUES(19,3,'page',2,'{"heading":"Juliet Ruiz","details":"Instructor"}','dynamic-repeater-cards','cards',11,'default');
INSERT INTO twill_blocks VALUES(20,3,'page',3,'{"heading":"Kelly Tyger","details":"Instructor"}','dynamic-repeater-cards','cards',11,'default');
INSERT INTO twill_blocks VALUES(22,1,'news',1,'{"title":"Grand Opening","date":"2025-05-30T16:00:00.000Z","description":"<p>It'' a pary<\/p>","label":"Learn More"}','common-news',NULL,NULL,'blocks');
INSERT INTO twill_blocks VALUES(23,2,'program',1,'{"heading":"Beginner Belts","type":"profile"}','common-cardblock',NULL,NULL,'default');
INSERT INTO twill_blocks VALUES(24,2,'program',1,'{"heading":"White Belt"}','dynamic-repeater-cards','cards',23,'default');
INSERT INTO twill_blocks VALUES(34,1,'program',1,'{"heading":{"en":"Taekwondo"},"subheading":{"en":"The Korean Art of Self Defense"}}','common-feature',NULL,NULL,'default');
INSERT INTO twill_blocks VALUES(35,1,'program',1,'{"heading":{"en":"School Motto"},"details":{"en":"Train with integrity, humility and heart."}}','dynamic-repeater-features','features',34,'default');
INSERT INTO twill_blocks VALUES(36,1,'program',2,'{"heading":{"en":"School Oath"},"details":{"en":"I will come to each class with an open mind and loving spirit. I will honor martial arts tradition, unaffected by the expectations of others. I will set goals and work hard to achieve them. My only limitation is myself."}}','dynamic-repeater-features','features',34,'default');
INSERT INTO twill_blocks VALUES(37,1,'program',1,'{"button_text":{"en":"Student Handbook"},"button_link":{"en":"\/taekwondo\/handbook"}}','dynamic-repeater-button_bar','button_bar',34,'default');
INSERT INTO twill_blocks VALUES(38,1,'program',2,'{"button_text":{"en":"Belt Status"},"button_link":{"en":"\/user\/taekwondo\/status"}}','dynamic-repeater-button_bar','button_bar',34,'default');
INSERT INTO twill_blocks VALUES(39,1,'program',3,'{"button_text":{"en":"Class Schedule"},"button_link":{"en":"\/taekwondo\/schedule"}}','dynamic-repeater-button_bar','button_bar',34,'default');
INSERT INTO twill_blocks VALUES(40,1,'program',2,'{}','common-image',NULL,NULL,'default');
CREATE TABLE IF NOT EXISTS "twill_medias" ("id" integer primary key autoincrement not null, "created_at" datetime, "updated_at" datetime, "deleted_at" datetime, "uuid" text not null, "alt_text" text, "width" integer not null, "height" integer not null, "caption" text, "filename" text);
INSERT INTO twill_medias VALUES(1,'2025-05-26 05:48:20','2025-05-26 05:48:20',NULL,'ffa4d873-121a-4b9a-a65f-a808ed8e54c5/z2sbzpbqstj980jj-nlmaf-logo-2shues-smallcropped.jpeg','Z2sbZpbqstJ980jJ NLMAF LOGO 2shues smallcropped',2048,2039,NULL,'Z2sbZpbqstJ980jJ_NLMAF_LOGO_2shues_smallcropped.jpeg');
INSERT INTO twill_medias VALUES(2,'2025-05-26 10:04:24','2025-05-26 10:04:24',NULL,'a965a4a5-7799-4570-9155-dc3f7aa70c6b/z2y0vjbqstj981ia-dalle2024-12-0219-49-04-aconceptualimagerepresentingtimenotbeingalimitingfactor-apersonrunningonaninfiniteclockfacethatblendsintothehorizon-theclockh.jpeg','Z2y0vJbqstJ981IA DALL·E2024 12 0219.49.04 Aconceptualimagerepresentingtimenotbeingalimitingfactor apersonrunningonaninfiniteclockfacethatblendsintothehorizon.Theclockh',650,350,NULL,'Z2y0vJbqstJ981IA_DALL·E2024-12-0219.49.04-Aconceptualimagerepresentingtimenotbeingalimitingfactor_apersonrunningonaninfiniteclockfacethatblendsintothehorizon.Theclockh.jpeg');
INSERT INTO twill_medias VALUES(3,'2025-05-26 10:12:40','2025-05-26 10:12:40',NULL,'52e306f3-dffa-438f-90d7-4f021c16ff7f/z2y0zzbqstj981ic-dalle2024-12-0219-52-09-aconceptualimagerepresentinglocationnotbeingalimitingfactor-apersonstandinginthecenterofaglowingworldmapwithvibrantconnections.jpeg','Z2y0zZbqstJ981IC DALL·E2024 12 0219.52.09 Aconceptualimagerepresentinglocationnotbeingalimitingfactor apersonstandinginthecenterofaglowingworldmap,withvibrantconnections',659,350,NULL,'Z2y0zZbqstJ981IC_DALL·E2024-12-0219.52.09-Aconceptualimagerepresentinglocationnotbeingalimitingfactor_apersonstandinginthecenterofaglowingworldmap,withvibrantconnections.jpeg');
INSERT INTO twill_medias VALUES(4,'2025-05-26 10:13:10','2025-05-26 10:13:10',NULL,'4f2c4175-962a-4e18-a401-7ed02f9495e0/z2y1i5bqstj981ie-dalle2024-12-1323-39-48-adynamicandmotivationalillustrationemphasizingtheideaoflimitlessfitnessopportunitiesinvariouslocations-theimageshowsdiverseindividu.jpeg','Z2y1I5bqstJ981IE DALL·E2024 12 1323.39.48 Adynamicandmotivationalillustrationemphasizingtheideaoflimitlessfitnessopportunitiesinvariouslocations.Theimageshowsdiverseindividu',650,350,NULL,'Z2y1I5bqstJ981IE_DALL·E2024-12-1323.39.48-Adynamicandmotivationalillustrationemphasizingtheideaoflimitlessfitnessopportunitiesinvariouslocations.Theimageshowsdiverseindividu.jpeg');
INSERT INTO twill_medias VALUES(5,'2025-05-26 10:21:35','2025-05-26 10:21:35',NULL,'220fd826-c22b-4d70-948b-06355b8059d1/brianne.jpeg','Brianne ',400,300,NULL,'brianne .jpeg');
INSERT INTO twill_medias VALUES(6,'2025-05-26 10:22:30','2025-05-26 10:22:30',NULL,'feedb3b2-0624-473d-890c-9cb23736e765/juliet.jpeg','Juliet',400,300,NULL,'Juliet.jpeg');
INSERT INTO twill_medias VALUES(7,'2025-05-26 10:22:58','2025-05-26 10:22:58',NULL,'59855814-b068-4406-a670-45c8c5ab4349/kelly.jpeg','Kelly',400,300,NULL,'Kelly.jpeg');
INSERT INTO twill_medias VALUES(8,'2025-05-26 21:46:26','2025-05-26 21:46:26',NULL,'c97ae126-dfc9-4a74-a567-cd6f37ca69f8/chatgpt-image-may-21-2025-at-07-43-43-pm.png','ChatGPT Image May 21, 2025 at 07 43 43 PM',1024,1024,NULL,'ChatGPT Image May 21, 2025 at 07_43_43 PM.png');
INSERT INTO twill_medias VALUES(9,'2025-05-26 21:46:40','2025-05-26 21:46:40',NULL,'d54526f6-cb40-4447-ad4f-3b61ac6fa99f/gemini-generated-image-buhgj7buhgj7buhg.png','Gemini Generated Image buhgj7buhgj7buhg',1024,1024,NULL,'Gemini_Generated_Image_buhgj7buhgj7buhg.png');
INSERT INTO twill_medias VALUES(10,'2025-06-01 11:24:08','2025-06-01 11:24:08',NULL,'9a668084-d11a-4cb7-9ee6-150ce7cde92d/gemini-generated-image-fyqm3ffyqm3ffyqm.png','Gemini Generated Image fyqm3ffyqm3ffyqm',1024,642,NULL,'Gemini_Generated_Image_fyqm3ffyqm3ffyqm.png');
INSERT INTO twill_medias VALUES(11,'2025-06-02 01:09:59','2025-06-02 01:09:59',NULL,'ae8421b8-c4a8-41e4-8d68-87c14933ee85/firefly-create-a-16-9-image-in-a-futuristic-sci-fi-style-using-primarily-yellow-orange-and-r-730112.jpg','Firefly create a 16 9 image in a futuristic sci fi style using primarily yellow, orange and r 730112',2688,1536,NULL,'Firefly_create a 16-9 image in a futuristic sci-fi style using primarily yellow, orange and r 730112.jpg');
INSERT INTO twill_medias VALUES(12,'2025-06-02 01:10:36','2025-06-02 01:10:36',NULL,'f7dcc65a-645d-4e8a-8bd0-5cfe26a625ab/chatgpt-image-jun-1-2025-at-07-57-28-am.jpeg','ChatGPT Image Jun 1, 2025 at 07 57 28 AM',1024,1024,NULL,'ChatGPT Image Jun 1, 2025 at 07_57_28 AM.jpeg');
CREATE TABLE IF NOT EXISTS "twill_mediables" ("id" integer primary key autoincrement not null, "created_at" datetime, "updated_at" datetime, "deleted_at" datetime, "mediable_id" integer, "mediable_type" varchar, "media_id" integer not null, "crop_x" integer, "crop_y" integer, "crop_w" integer, "crop_h" integer, "role" varchar, "crop" varchar, "lqip_data" text, "ratio" varchar, "metadatas" text not null, "locale" varchar not null default 'en', "position" integer not null default '1', foreign key("media_id") references "twill_medias"("id") on delete cascade on update cascade);
INSERT INTO twill_mediables VALUES(1,'2025-05-26 05:49:50','2025-05-26 05:52:52',NULL,1,'blocks',1,0,0,2048,2048,'image','default',NULL,'default','{"caption":null,"altText":null,"video":null}','en',1);
INSERT INTO twill_mediables VALUES(4,'2025-05-26 10:13:55','2025-05-26 10:13:55',NULL,4,'blocks',2,0,0,650,350,'image','default',NULL,'default','{"caption":null,"altText":null,"video":null}','en',1);
INSERT INTO twill_mediables VALUES(5,'2025-05-26 10:13:55','2025-05-26 10:13:55',NULL,5,'blocks',3,0,0,659,350,'image','default',NULL,'default','{"caption":null,"altText":null,"video":null}','en',1);
INSERT INTO twill_mediables VALUES(6,'2025-05-26 10:13:55','2025-05-26 10:13:55',NULL,6,'blocks',4,0,0,650,350,'image','default',NULL,'default','{"caption":null,"altText":null,"video":null}','en',1);
INSERT INTO twill_mediables VALUES(13,'2025-05-26 11:55:08','2025-05-26 14:45:17',NULL,8,'blocks',5,0,0,400,300,'image','default',NULL,'default','{"caption":null,"altText":null,"video":null}','en',1);
INSERT INTO twill_mediables VALUES(14,'2025-05-26 11:55:08','2025-05-26 14:45:17',NULL,9,'blocks',6,0,0,400,300,'image','default',NULL,'default','{"caption":null,"altText":null,"video":null}','en',1);
INSERT INTO twill_mediables VALUES(15,'2025-05-26 11:55:08','2025-05-26 14:45:17',NULL,10,'blocks',7,0,0,400,300,'image','default',NULL,'default','{"caption":null,"altText":null,"video":null}','en',1);
INSERT INTO twill_mediables VALUES(16,'2025-05-26 17:35:05','2025-05-26 17:35:05',NULL,14,'blocks',1,0,0,2048,2048,'image','default',NULL,'default','{"caption":null,"altText":null,"video":null}','en',1);
INSERT INTO twill_mediables VALUES(17,'2025-05-26 17:40:12','2025-05-26 17:40:12',NULL,16,'blocks',2,0,0,650,350,'image','default',NULL,'default','{"caption":null,"altText":null,"video":null}','en',1);
INSERT INTO twill_mediables VALUES(18,'2025-05-26 17:40:12','2025-05-26 17:40:12',NULL,17,'blocks',3,0,0,659,350,'image','default',NULL,'default','{"caption":null,"altText":null,"video":null}','en',1);
INSERT INTO twill_mediables VALUES(19,'2025-05-26 17:40:12','2025-05-26 17:40:12',NULL,18,'blocks',4,0,0,650,350,'image','default',NULL,'default','{"caption":null,"altText":null,"video":null}','en',1);
INSERT INTO twill_mediables VALUES(20,'2025-05-26 17:43:43','2025-05-26 17:43:43',NULL,12,'blocks',5,0,0,400,300,'image','default',NULL,'default','{"caption":null,"altText":null,"video":null}','en',1);
INSERT INTO twill_mediables VALUES(21,'2025-05-26 17:43:43','2025-05-26 17:43:43',NULL,19,'blocks',6,0,0,400,300,'image','default',NULL,'default','{"caption":null,"altText":null,"video":null}','en',1);
INSERT INTO twill_mediables VALUES(22,'2025-05-26 17:43:43','2025-05-26 17:43:43',NULL,20,'blocks',7,0,0,400,300,'image','default',NULL,'default','{"caption":null,"altText":null,"video":null}','en',1);
INSERT INTO twill_mediables VALUES(25,'2025-05-29 01:15:04','2025-05-29 01:15:04',NULL,22,'blocks',9,0,0,1024,1024,'image','default',NULL,'default','{"caption":null,"altText":null,"video":null}','en',1);
INSERT INTO twill_mediables VALUES(42,'2025-06-02 04:18:07','2025-06-06 23:22:27',NULL,34,'blocks',12,0,0,1024,1024,'image','default',NULL,'default','{"caption":null,"altText":null,"video":null}','en',1);
INSERT INTO twill_mediables VALUES(43,'2025-06-06 23:22:27','2025-06-06 23:22:27',NULL,40,'blocks',9,0,0,1024,1024,'image','default',NULL,'default','{"caption":null,"altText":null,"video":null}','en',1);
CREATE TABLE IF NOT EXISTS "twill_files" ("id" integer primary key autoincrement not null, "created_at" datetime, "updated_at" datetime, "deleted_at" datetime, "uuid" text not null, "filename" text, "size" integer not null);
CREATE TABLE IF NOT EXISTS "twill_settings" ("id" integer primary key autoincrement not null, "created_at" datetime, "updated_at" datetime, "deleted_at" datetime, "key" varchar, "section" varchar);
CREATE TABLE IF NOT EXISTS "twill_setting_translations" ("id" integer primary key autoincrement not null, "twill_setting_id" integer not null, "deleted_at" datetime, "created_at" datetime, "updated_at" datetime, "locale" varchar not null, "active" tinyint(1) not null default '0', "value" text, foreign key("twill_setting_id") references "twill_settings"("id") on delete CASCADE);
CREATE TABLE IF NOT EXISTS "twill_tagged" ("id" integer primary key autoincrement not null, "taggable_type" varchar not null, "taggable_id" integer not null, "tag_id" integer not null);
CREATE TABLE IF NOT EXISTS "twill_tags" ("id" integer primary key autoincrement not null, "namespace" varchar not null, "slug" varchar not null, "name" varchar not null, "count" integer not null default '0');
CREATE TABLE IF NOT EXISTS "twill_features" ("id" integer primary key autoincrement not null, "featured_id" varchar not null, "featured_type" varchar not null, "bucket_key" varchar not null, "position" integer not null, "starred" tinyint(1) not null default '0', "created_at" datetime, "updated_at" datetime);
CREATE TABLE IF NOT EXISTS "twill_related" ("id" integer primary key autoincrement not null, "subject_id" integer, "subject_type" varchar not null, "related_id" integer, "related_type" varchar not null, "browser_name" varchar not null, "position" integer not null);
CREATE TABLE IF NOT EXISTS "twill_fileables" ("id" integer primary key autoincrement not null, "created_at" datetime, "updated_at" datetime, "deleted_at" datetime, "file_id" integer not null, "fileable_id" integer, "fileable_type" varchar, "role" varchar, "locale" varchar not null, "position" integer not null default '1', foreign key("file_id") references twill_files("id") on delete cascade on update cascade);
CREATE TABLE IF NOT EXISTS "activity_log" ("id" integer primary key autoincrement not null, "log_name" varchar, "description" text not null, "subject_id" integer, "subject_type" varchar, "causer_id" integer, "causer_type" varchar, "properties" text, "created_at" datetime, "updated_at" datetime, "event" varchar, "batch_uuid" varchar);
INSERT INTO activity_log VALUES(1,'default','updated',1,'App\Models\PageHome',1,'users','[]','2025-05-26 05:49:50','2025-05-26 05:49:50',NULL,NULL);
INSERT INTO activity_log VALUES(2,'default','updated',1,'App\Models\PageHome',1,'users','[]','2025-05-26 05:52:52','2025-05-26 05:52:52',NULL,NULL);
INSERT INTO activity_log VALUES(3,'default','created',1,'App\Models\MenuLink',1,'users','[]','2025-05-26 07:24:42','2025-05-26 07:24:42',NULL,NULL);
INSERT INTO activity_log VALUES(4,'default','updated',1,'App\Models\MenuLink',1,'users','[]','2025-05-26 07:24:51','2025-05-26 07:24:51',NULL,NULL);
INSERT INTO activity_log VALUES(5,'default','created',2,'App\Models\MenuLink',1,'users','[]','2025-05-26 07:25:07','2025-05-26 07:25:07',NULL,NULL);
INSERT INTO activity_log VALUES(6,'default','updated',2,'App\Models\MenuLink',1,'users','[]','2025-05-26 07:25:15','2025-05-26 07:25:15',NULL,NULL);
INSERT INTO activity_log VALUES(7,'default','created',1,'App\Models\Page',1,'users','[]','2025-05-26 09:59:04','2025-05-26 09:59:04',NULL,NULL);
INSERT INTO activity_log VALUES(8,'default','updated',1,'App\Models\Page',1,'users','[]','2025-05-26 10:10:07','2025-05-26 10:10:07',NULL,NULL);
INSERT INTO activity_log VALUES(9,'default','updated',1,'App\Models\Page',1,'users','[]','2025-05-26 10:10:10','2025-05-26 10:10:10',NULL,NULL);
INSERT INTO activity_log VALUES(10,'default','updated',1,'App\Models\Page',1,'users','[]','2025-05-26 10:13:55','2025-05-26 10:13:55',NULL,NULL);
INSERT INTO activity_log VALUES(11,'default','updated',2,'App\Models\MenuLink',1,'users','[]','2025-05-26 10:16:22','2025-05-26 10:16:22',NULL,NULL);
INSERT INTO activity_log VALUES(12,'default','updated',2,'App\Models\MenuLink',1,'users','[]','2025-05-26 10:17:00','2025-05-26 10:17:00',NULL,NULL);
INSERT INTO activity_log VALUES(13,'default','created',2,'App\Models\Page',1,'users','[]','2025-05-26 10:20:25','2025-05-26 10:20:25',NULL,NULL);
INSERT INTO activity_log VALUES(14,'default','updated',2,'App\Models\Page',1,'users','[]','2025-05-26 10:23:06','2025-05-26 10:23:06',NULL,NULL);
INSERT INTO activity_log VALUES(15,'default','updated',2,'App\Models\Page',1,'users','[]','2025-05-26 10:23:07','2025-05-26 10:23:07',NULL,NULL);
INSERT INTO activity_log VALUES(16,'default','updated',2,'App\Models\Page',1,'users','[]','2025-05-26 11:55:08','2025-05-26 11:55:08',NULL,NULL);
INSERT INTO activity_log VALUES(17,'default','updated',2,'App\Models\MenuLink',1,'users','[]','2025-05-26 11:55:36','2025-05-26 11:55:36',NULL,NULL);
INSERT INTO activity_log VALUES(18,'default','updated',2,'App\Models\MenuLink',1,'users','[]','2025-05-26 14:36:08','2025-05-26 14:36:08',NULL,NULL);
INSERT INTO activity_log VALUES(19,'default','updated',2,'App\Models\Page',1,'users','[]','2025-05-26 14:41:31','2025-05-26 14:41:31',NULL,NULL);
INSERT INTO activity_log VALUES(20,'default','updated',2,'App\Models\Page',1,'users','[]','2025-05-26 14:45:17','2025-05-26 14:45:17',NULL,NULL);
INSERT INTO activity_log VALUES(21,'default','updated',2,'App\Models\MenuLink',1,'users','[]','2025-05-26 14:53:23','2025-05-26 14:53:23',NULL,NULL);
INSERT INTO activity_log VALUES(22,'default','updated',2,'menuLink',1,'users','[]','2025-05-26 15:00:57','2025-05-26 15:00:57',NULL,NULL);
INSERT INTO activity_log VALUES(23,'default','deleted',2,'page',1,'users','[]','2025-05-26 15:01:51','2025-05-26 15:01:51',NULL,NULL);
INSERT INTO activity_log VALUES(24,'default','created',3,'page',1,'users','[]','2025-05-26 15:02:00','2025-05-26 15:02:00',NULL,NULL);
INSERT INTO activity_log VALUES(25,'default','updated',3,'page',1,'users','[]','2025-05-26 15:02:36','2025-05-26 15:02:36',NULL,NULL);
INSERT INTO activity_log VALUES(26,'default','updated',3,'page',1,'users','[]','2025-05-26 15:02:42','2025-05-26 15:02:42',NULL,NULL);
INSERT INTO activity_log VALUES(27,'default','updated',3,'page',1,'users','[]','2025-05-26 17:21:16','2025-05-26 17:21:16',NULL,NULL);
INSERT INTO activity_log VALUES(28,'default','updated',2,'menuLink',1,'users','[]','2025-05-26 17:21:25','2025-05-26 17:21:25',NULL,NULL);
INSERT INTO activity_log VALUES(29,'default','updated',1,'pageHome',1,'users','[]','2025-05-26 17:35:05','2025-05-26 17:35:05',NULL,NULL);
INSERT INTO activity_log VALUES(30,'default','updated',1,'page',1,'users','[]','2025-05-26 17:40:12','2025-05-26 17:40:12',NULL,NULL);
INSERT INTO activity_log VALUES(31,'default','updated',3,'page',1,'users','[]','2025-05-26 17:43:43','2025-05-26 17:43:43',NULL,NULL);
INSERT INTO activity_log VALUES(32,'default','updated',2,'menuLink',1,'users','[]','2025-05-26 17:47:57','2025-05-26 17:47:57',NULL,NULL);
INSERT INTO activity_log VALUES(33,'default','updated',2,'menuLink',1,'users','[]','2025-05-26 17:55:21','2025-05-26 17:55:21',NULL,NULL);
INSERT INTO activity_log VALUES(34,'default','created',1,'program',1,'users','[]','2025-05-26 19:44:33','2025-05-26 19:44:33',NULL,NULL);
INSERT INTO activity_log VALUES(35,'default','updated',1,'program',1,'users','[]','2025-05-26 19:44:42','2025-05-26 19:44:42',NULL,NULL);
INSERT INTO activity_log VALUES(36,'default','created',3,'menuLink',1,'users','[]','2025-05-26 19:44:54','2025-05-26 19:44:54',NULL,NULL);
INSERT INTO activity_log VALUES(37,'default','updated',3,'menuLink',1,'users','[]','2025-05-26 19:45:15','2025-05-26 19:45:15',NULL,NULL);
INSERT INTO activity_log VALUES(38,'default','updated',3,'menuLink',1,'users','[]','2025-05-26 19:55:05','2025-05-26 19:55:05',NULL,NULL);
INSERT INTO activity_log VALUES(39,'default','updated',1,'program',1,'users','[]','2025-05-26 21:46:49','2025-05-26 21:46:49',NULL,NULL);
INSERT INTO activity_log VALUES(40,'default','updated',1,'program',1,'users','[]','2025-05-26 23:46:00','2025-05-26 23:46:00',NULL,NULL);
INSERT INTO activity_log VALUES(41,'default','updated',1,'program',1,'users','[]','2025-05-27 00:43:03','2025-05-27 00:43:03',NULL,NULL);
INSERT INTO activity_log VALUES(42,'default','updated',1,'program',1,'users','[]','2025-05-27 00:46:06','2025-05-27 00:46:06',NULL,NULL);
INSERT INTO activity_log VALUES(43,'default','updated',1,'program',1,'users','[]','2025-05-27 00:47:15','2025-05-27 00:47:15',NULL,NULL);
INSERT INTO activity_log VALUES(44,'default','updated',1,'program',1,'users','[]','2025-05-27 02:35:59','2025-05-27 02:35:59',NULL,NULL);
INSERT INTO activity_log VALUES(45,'default','created',4,'menuLink',1,'users','[]','2025-05-29 01:03:01','2025-05-29 01:03:01',NULL,NULL);
INSERT INTO activity_log VALUES(46,'default','updated',4,'menuLink',1,'users','[]','2025-05-29 01:03:11','2025-05-29 01:03:11',NULL,NULL);
INSERT INTO activity_log VALUES(47,'default','created',1,'news',1,'users','[]','2025-05-29 01:07:08','2025-05-29 01:07:08',NULL,NULL);
INSERT INTO activity_log VALUES(48,'default','updated',1,'news',1,'users','[]','2025-05-29 01:07:14','2025-05-29 01:07:14',NULL,NULL);
INSERT INTO activity_log VALUES(49,'default','updated',1,'news',1,'users','[]','2025-05-29 01:07:41','2025-05-29 01:07:41',NULL,NULL);
INSERT INTO activity_log VALUES(50,'default','updated',1,'news',1,'users','[]','2025-05-29 01:07:53','2025-05-29 01:07:53',NULL,NULL);
INSERT INTO activity_log VALUES(51,'default','updated',1,'news',1,'users','[]','2025-05-29 01:15:04','2025-05-29 01:15:04',NULL,NULL);
INSERT INTO activity_log VALUES(52,'default','created',2,'sidemenu',1,'users','[]','2025-05-29 06:51:16','2025-05-29 06:51:16',NULL,NULL);
INSERT INTO activity_log VALUES(53,'default','updated',2,'sidemenu',1,'users','[]','2025-05-29 06:51:20','2025-05-29 06:51:20',NULL,NULL);
INSERT INTO activity_log VALUES(54,'default','deleted',2,'sidemenu',1,'users','[]','2025-05-29 06:54:39','2025-05-29 06:54:39',NULL,NULL);
INSERT INTO activity_log VALUES(55,'default','updated',1,'sidemenu',1,'users','[]','2025-05-29 06:54:45','2025-05-29 06:54:45',NULL,NULL);
INSERT INTO activity_log VALUES(56,'default','created',3,'sidemenu',1,'users','[]','2025-05-29 07:47:08','2025-05-29 07:47:08',NULL,NULL);
INSERT INTO activity_log VALUES(57,'default','updated',3,'sidemenu',1,'users','[]','2025-05-29 07:47:15','2025-05-29 07:47:15',NULL,NULL);
INSERT INTO activity_log VALUES(58,'default','created',2,'program',1,'users','[]','2025-05-29 08:03:22','2025-05-29 08:03:22',NULL,NULL);
INSERT INTO activity_log VALUES(59,'default','updated',2,'program',1,'users','[]','2025-05-29 23:53:13','2025-05-29 23:53:13',NULL,NULL);
INSERT INTO activity_log VALUES(60,'default','created',2,'tkdmenu',1,'users','[]','2025-05-30 02:06:11','2025-05-30 02:06:11',NULL,NULL);
INSERT INTO activity_log VALUES(61,'default','updated',2,'tkdmenu',1,'users','[]','2025-05-30 02:06:39','2025-05-30 02:06:39',NULL,NULL);
INSERT INTO activity_log VALUES(62,'default','deleted',1,'tkdmenu',1,'users','[]','2025-05-30 02:06:57','2025-05-30 02:06:57',NULL,NULL);
INSERT INTO activity_log VALUES(63,'default','created',3,'tkdmenu',1,'users','[]','2025-05-30 02:07:36','2025-05-30 02:07:36',NULL,NULL);
INSERT INTO activity_log VALUES(64,'default','updated',3,'tkdmenu',1,'users','[]','2025-05-30 02:08:01','2025-05-30 02:08:01',NULL,NULL);
INSERT INTO activity_log VALUES(65,'default','created',4,'tkdmenu',1,'users','[]','2025-05-30 02:09:01','2025-05-30 02:09:01',NULL,NULL);
INSERT INTO activity_log VALUES(66,'default','updated',4,'tkdmenu',1,'users','[]','2025-05-30 02:09:26','2025-05-30 02:09:26',NULL,NULL);
INSERT INTO activity_log VALUES(67,'default','updated',1,'program',1,'users','[]','2025-05-30 06:14:10','2025-05-30 06:14:10',NULL,NULL);
INSERT INTO activity_log VALUES(68,'default','updated',1,'program',1,'users','[]','2025-05-30 06:14:40','2025-05-30 06:14:40',NULL,NULL);
INSERT INTO activity_log VALUES(69,'default','updated',1,'program',1,'users','[]','2025-05-30 07:46:54','2025-05-30 07:46:54',NULL,NULL);
INSERT INTO activity_log VALUES(70,'default','updated',1,'program',1,'users','[]','2025-05-30 09:44:08','2025-05-30 09:44:08',NULL,NULL);
INSERT INTO activity_log VALUES(71,'default','updated',1,'program',1,'users','[]','2025-06-01 10:40:41','2025-06-01 10:40:41',NULL,NULL);
INSERT INTO activity_log VALUES(72,'default','updated',1,'program',1,'users','[]','2025-06-01 10:45:12','2025-06-01 10:45:12',NULL,NULL);
INSERT INTO activity_log VALUES(73,'default','updated',1,'program',1,'users','[]','2025-06-01 11:01:35','2025-06-01 11:01:35',NULL,NULL);
INSERT INTO activity_log VALUES(74,'default','updated',1,'program',1,'users','[]','2025-06-01 11:24:18','2025-06-01 11:24:18',NULL,NULL);
INSERT INTO activity_log VALUES(75,'default','updated',1,'program',1,'users','[]','2025-06-01 11:27:17','2025-06-01 11:27:17',NULL,NULL);
INSERT INTO activity_log VALUES(76,'default','updated',1,'program',1,'users','[]','2025-06-02 00:52:23','2025-06-02 00:52:23',NULL,NULL);
INSERT INTO activity_log VALUES(77,'default','updated',1,'program',1,'users','[]','2025-06-02 00:52:41','2025-06-02 00:52:41',NULL,NULL);
INSERT INTO activity_log VALUES(78,'default','updated',1,'program',1,'users','[]','2025-06-02 01:02:01','2025-06-02 01:02:01',NULL,NULL);
INSERT INTO activity_log VALUES(79,'default','updated',1,'program',1,'users','[]','2025-06-02 01:02:22','2025-06-02 01:02:22',NULL,NULL);
INSERT INTO activity_log VALUES(80,'default','updated',1,'program',1,'users','[]','2025-06-02 01:06:24','2025-06-02 01:06:24',NULL,NULL);
INSERT INTO activity_log VALUES(81,'default','updated',1,'program',1,'users','[]','2025-06-02 01:11:32','2025-06-02 01:11:32',NULL,NULL);
INSERT INTO activity_log VALUES(82,'default','updated',1,'program',1,'users','[]','2025-06-02 01:12:10','2025-06-02 01:12:10',NULL,NULL);
INSERT INTO activity_log VALUES(83,'default','updated',1,'program',1,'users','[]','2025-06-02 01:24:01','2025-06-02 01:24:01',NULL,NULL);
INSERT INTO activity_log VALUES(84,'default','updated',1,'program',1,'users','[]','2025-06-02 02:01:00','2025-06-02 02:01:00',NULL,NULL);
INSERT INTO activity_log VALUES(85,'default','updated',1,'program',1,'users','[]','2025-06-02 04:18:07','2025-06-02 04:18:07',NULL,NULL);
INSERT INTO activity_log VALUES(86,'default','updated',1,'program',1,'users','[]','2025-06-04 05:20:45','2025-06-04 05:20:45',NULL,NULL);
INSERT INTO activity_log VALUES(87,'default','updated',3,'sidemenu',1,'users','[]','2025-06-05 02:40:06','2025-06-05 02:40:06',NULL,NULL);
INSERT INTO activity_log VALUES(88,'default','updated',1,'program',1,'users','[]','2025-06-06 23:13:35','2025-06-06 23:13:35',NULL,NULL);
INSERT INTO activity_log VALUES(89,'default','updated',1,'program',1,'users','[]','2025-06-06 23:22:27','2025-06-06 23:22:27',NULL,NULL);
INSERT INTO activity_log VALUES(90,'default','updated',1,'profile',1,'users','[]','2025-06-07 04:47:21','2025-06-07 04:47:21',NULL,NULL);
INSERT INTO activity_log VALUES(91,'default','updated',1,'profile',1,'users','[]','2025-06-07 04:47:50','2025-06-07 04:47:50',NULL,NULL);
INSERT INTO activity_log VALUES(92,'default','updated',1,'profile',1,'users','[]','2025-06-07 04:51:09','2025-06-07 04:51:09',NULL,NULL);
INSERT INTO activity_log VALUES(93,'default','updated',1,'profile',1,'users','[]','2025-06-07 05:24:51','2025-06-07 05:24:51',NULL,NULL);
INSERT INTO activity_log VALUES(94,'default','updated',1,'profile',1,'users','[]','2025-06-07 05:24:55','2025-06-07 05:24:55',NULL,NULL);
INSERT INTO activity_log VALUES(95,'default','updated',1,'profile',1,'users','[]','2025-06-07 05:26:45','2025-06-07 05:26:45',NULL,NULL);
INSERT INTO activity_log VALUES(96,'default','updated',1,'profile',1,'users','[]','2025-06-07 05:26:58','2025-06-07 05:26:58',NULL,NULL);
INSERT INTO activity_log VALUES(97,'default','updated',1,'profile',1,'users','[]','2025-06-07 05:27:02','2025-06-07 05:27:02',NULL,NULL);
INSERT INTO activity_log VALUES(98,'default','updated',1,'profile',1,'users','[]','2025-06-07 05:27:47','2025-06-07 05:27:47',NULL,NULL);
INSERT INTO activity_log VALUES(99,'default','updated',1,'profile',1,'users','[]','2025-06-07 05:45:08','2025-06-07 05:45:08',NULL,NULL);
INSERT INTO activity_log VALUES(100,'default','updated',3,'profile',1,'users','[]','2025-06-08 14:41:55','2025-06-08 14:41:55',NULL,NULL);
INSERT INTO activity_log VALUES(101,'default','updated',2,'tkdmenu',1,'users','[]','2025-06-08 14:53:33','2025-06-08 14:53:33',NULL,NULL);
CREATE TABLE IF NOT EXISTS "app_settings" ("id" integer primary key autoincrement not null, "deleted_at" datetime, "created_at" datetime, "updated_at" datetime, "published" tinyint(1) not null default '0', "name" varchar);
CREATE TABLE IF NOT EXISTS "twill_password_resets" ("email" varchar not null, "token" varchar not null, "created_at" datetime, foreign key("email") references "twill_users"("email") on delete cascade on update cascade);
CREATE TABLE IF NOT EXISTS "page_homes" ("id" integer primary key autoincrement not null, "deleted_at" datetime, "created_at" datetime, "updated_at" datetime);
INSERT INTO page_homes VALUES(1,NULL,'2025-05-26 01:54:55','2025-05-26 01:54:55');
CREATE TABLE IF NOT EXISTS "page_home_translations" ("id" integer primary key autoincrement not null, "page_home_id" integer not null, "deleted_at" datetime, "created_at" datetime, "updated_at" datetime, "locale" varchar not null, "active" tinyint(1) not null default '0', "title" varchar, "meta_title" varchar, "meta_description" varchar, foreign key("page_home_id") references "page_homes"("id") on delete CASCADE);
INSERT INTO page_home_translations VALUES(1,1,NULL,'2025-05-26 01:54:55','2025-05-26 17:35:05','en',1,'PageHome','Home','No Limits Martial Arts and Fitness');
CREATE TABLE IF NOT EXISTS "page_home_revisions" ("id" integer primary key autoincrement not null, "page_home_id" integer not null, "user_id" integer, "created_at" datetime, "updated_at" datetime, "payload" text not null, foreign key("page_home_id") references "page_homes"("id") on delete cascade, foreign key("user_id") references "twill_users"("id") on delete set null);
INSERT INTO page_home_revisions VALUES(1,1,1,'2025-05-26 01:54:55','2025-05-26 01:54:55','{"title":{"en":"PageHome"},"description":{"en":""},"published":false}');
INSERT INTO page_home_revisions VALUES(2,1,1,'2025-05-26 05:49:50','2025-05-26 05:49:50','{"title":{"en":"PageHome"},"meta_title":{"en":null},"meta_description":{"en":null},"cmsSaveType":"update","published":false,"public":false,"publish_start_date":null,"publish_end_date":null,"languages":[{"shortlabel":"EN","label":"English","value":"en","disabled":false,"published":true}],"parent_id":0,"medias":[],"browsers":[],"blocks":[{"id":1748238555881,"type":"a17-block-common-hero","is_repeater":false,"editor_name":"default","content":{"variant":"default","button_link":{"en":"\/register"},"button_text":{"en":"Join Us"}},"medias":{"image":[{"id":1,"name":"Z2sbZpbqstJ980jJ_NLMAF_LOGO_2shues_smallcropped.jpeg","thumbnail":"http:\/\/localhost:8000\/img\/ffa4d873-121a-4b9a-a65f-a808ed8e54c5\/z2sbzpbqstj980jj-nlmaf-logo-2shues-smallcropped.jpeg?fm=jpg&q=60&fit=max&dpr=1&h=256","original":"http:\/\/localhost:8000\/img\/ffa4d873-121a-4b9a-a65f-a808ed8e54c5\/z2sbzpbqstj980jj-nlmaf-logo-2shues-smallcropped.jpeg","medium":"http:\/\/localhost:8000\/img\/ffa4d873-121a-4b9a-a65f-a808ed8e54c5\/z2sbzpbqstj980jj-nlmaf-logo-2shues-smallcropped.jpeg?fm=jpg&q=80&fit=max&h=430","width":2048,"height":2039,"tags":[],"deleteUrl":"http:\/\/localhost:8000\/admin\/media-library\/medias\/1","updateUrl":"http:\/\/localhost:8000\/admin\/media-library\/medias\/single-update","updateBulkUrl":"http:\/\/localhost:8000\/admin\/media-library\/medias\/bulk-update","deleteBulkUrl":"http:\/\/localhost:8000\/admin\/media-library\/medias\/bulk-delete","metadatas":{"default":{"caption":null,"altText":"Z2sbZpbqstJ980jJ NLMAF LOGO 2shues smallcropped","video":null},"custom":{"caption":null,"altText":null,"video":null}},"disabled":false,"crops":{"default":{"name":"default","x":0,"y":0,"width":2048,"height":2048}}}]},"browsers":[],"blocks":[]}],"repeaters":[]}');
INSERT INTO page_home_revisions VALUES(3,1,1,'2025-05-26 05:52:52','2025-05-26 05:52:52','{"title":{"en":"PageHome"},"meta_title":{"en":null},"meta_description":{"en":null},"cmsSaveType":"update","published":false,"public":false,"publish_start_date":null,"publish_end_date":null,"languages":[{"shortlabel":"EN","label":"English","value":"en","disabled":false,"published":true}],"parent_id":0,"medias":[],"browsers":[],"blocks":[{"id":1748238748179,"type":"a17-block-common-heading","is_repeater":false,"editor_name":"default","content":{"level":"h1","heading":{"en":"Reach Your Goals With No Limits"}},"medias":[],"browsers":[],"blocks":[]},{"id":1,"type":"a17-block-common-hero","is_repeater":false,"editor_name":"default","content":{"variant":"default","button_link":{"en":"\/register"},"button_text":{"en":"Join Us"}},"medias":{"image":[{"id":1,"name":"Z2sbZpbqstJ980jJ_NLMAF_LOGO_2shues_smallcropped.jpeg","thumbnail":"http:\/\/localhost:8000\/img\/ffa4d873-121a-4b9a-a65f-a808ed8e54c5\/z2sbzpbqstj980jj-nlmaf-logo-2shues-smallcropped.jpeg?fm=jpg&q=60&fit=max&dpr=1&h=256","original":"http:\/\/localhost:8000\/img\/ffa4d873-121a-4b9a-a65f-a808ed8e54c5\/z2sbzpbqstj980jj-nlmaf-logo-2shues-smallcropped.jpeg","medium":"http:\/\/localhost:8000\/img\/ffa4d873-121a-4b9a-a65f-a808ed8e54c5\/z2sbzpbqstj980jj-nlmaf-logo-2shues-smallcropped.jpeg?fm=jpg&q=80&fit=max&h=430","width":2048,"height":2039,"tags":[],"deleteUrl":null,"updateUrl":"http:\/\/localhost:8000\/admin\/media-library\/medias\/single-update","updateBulkUrl":"http:\/\/localhost:8000\/admin\/media-library\/medias\/bulk-update","deleteBulkUrl":"http:\/\/localhost:8000\/admin\/media-library\/medias\/bulk-delete","metadatas":{"default":{"caption":null,"altText":"Z2sbZpbqstJ980jJ NLMAF LOGO 2shues smallcropped","video":null},"custom":{"caption":null,"altText":null,"video":null}},"pivot_id":1,"crops":{"default":{"pivot_id":1,"name":"default","width":2048,"height":2048,"x":0,"y":0}}}]},"browsers":[],"blocks":[]}],"repeaters":[]}');
INSERT INTO page_home_revisions VALUES(4,1,1,'2025-05-26 17:35:05','2025-05-26 17:35:05','{"title":{"en":"PageHome"},"meta_title":{"en":"Home"},"meta_description":{"en":"No Limits Martial Arts and Fitness"},"cmsSaveType":"update","published":false,"public":false,"publish_start_date":null,"publish_end_date":null,"languages":[{"shortlabel":"EN","label":"English","value":"en","disabled":false,"published":true}],"parent_id":0,"medias":[],"browsers":[],"blocks":[{"id":1748280861736,"type":"a17-block-common-heading","is_repeater":false,"editor_name":"default","content":{"heading":{"en":"Reach Your Goals With No Limits"},"level":"h1"},"medias":[],"browsers":[],"blocks":[]},{"id":1748280876869,"type":"a17-block-common-hero","is_repeater":false,"editor_name":"default","content":{"variant":"default","button_link":{"en":"\/register"},"button_text":{"en":"Join Us"}},"medias":{"image":[{"id":1,"name":"Z2sbZpbqstJ980jJ_NLMAF_LOGO_2shues_smallcropped.jpeg","thumbnail":"http:\/\/localhost:8000\/img\/ffa4d873-121a-4b9a-a65f-a808ed8e54c5\/z2sbzpbqstj980jj-nlmaf-logo-2shues-smallcropped.jpeg?fm=jpg&q=60&fit=max&dpr=1&h=256","original":"http:\/\/localhost:8000\/img\/ffa4d873-121a-4b9a-a65f-a808ed8e54c5\/z2sbzpbqstj980jj-nlmaf-logo-2shues-smallcropped.jpeg","medium":"http:\/\/localhost:8000\/img\/ffa4d873-121a-4b9a-a65f-a808ed8e54c5\/z2sbzpbqstj980jj-nlmaf-logo-2shues-smallcropped.jpeg?fm=jpg&q=80&fit=max&h=430","width":2048,"height":2039,"tags":[],"deleteUrl":null,"updateUrl":"http:\/\/localhost:8000\/admin\/media-library\/medias\/single-update","updateBulkUrl":"http:\/\/localhost:8000\/admin\/media-library\/medias\/bulk-update","deleteBulkUrl":"http:\/\/localhost:8000\/admin\/media-library\/medias\/bulk-delete","metadatas":{"default":{"caption":null,"altText":"Z2sbZpbqstJ980jJ NLMAF LOGO 2shues smallcropped","video":null},"custom":{"caption":null,"altText":null,"video":null}},"disabled":false,"crops":{"default":{"name":"default","x":0,"y":0,"width":2048,"height":2048}}}]},"browsers":[],"blocks":[]}],"repeaters":[]}');
CREATE TABLE IF NOT EXISTS "menu_links" ("id" integer primary key autoincrement not null, "deleted_at" datetime, "created_at" datetime, "updated_at" datetime, "published" tinyint(1) not null default '0', "_lft" integer not null default '0', "_rgt" integer not null default '0', "parent_id" integer, "title" varchar, "position" integer, "url" varchar, "has_submenu" tinyint(1) not null default '0', "submenu" text);
INSERT INTO menu_links VALUES(1,NULL,'2025-05-26 07:24:42','2025-05-26 07:24:51',1,1,2,NULL,NULL,1,'/',0,NULL);
INSERT INTO menu_links VALUES(2,NULL,'2025-05-26 07:25:07','2025-05-26 17:55:21',1,3,4,NULL,NULL,2,'/about',0,'[{"id":1748270159428,"is_repeater":false,"medias":[],"browsers":[],"blocks":[],"title":"Our Team","url":"\/about\/our-team","repeater_target_id":null},{"id":1748281597053,"is_repeater":false,"medias":[],"browsers":[],"blocks":[],"title":"Contact Us","url":"\/about\/contact","repeater_target_id":null}]');
INSERT INTO menu_links VALUES(3,NULL,'2025-05-26 19:44:54','2025-05-26 19:55:05',1,5,6,NULL,NULL,3,'/programs',0,'[{"id":1748288701699,"is_repeater":false,"medias":[],"browsers":[],"blocks":[],"title":"Taekwondo","url":"\/programs\/taekwondo","repeater_target_id":null}]');
INSERT INTO menu_links VALUES(4,NULL,'2025-05-29 01:03:01','2025-05-29 01:03:11',1,7,8,NULL,NULL,4,'/news',0,NULL);
CREATE TABLE IF NOT EXISTS "menu_link_translations" ("id" integer primary key autoincrement not null, "menu_link_id" integer not null, "deleted_at" datetime, "created_at" datetime, "updated_at" datetime, "locale" varchar not null, "active" tinyint(1) not null default '0', "title" varchar, "url" varchar, foreign key("menu_link_id") references "menu_links"("id") on delete CASCADE);
INSERT INTO menu_link_translations VALUES(1,1,NULL,'2025-05-26 07:24:42','2025-05-26 07:24:51','en',1,'Home',NULL);
INSERT INTO menu_link_translations VALUES(2,2,NULL,'2025-05-26 07:25:07','2025-05-26 17:55:21','en',1,'About',NULL);
INSERT INTO menu_link_translations VALUES(3,3,NULL,'2025-05-26 19:44:54','2025-05-26 19:55:05','en',1,'Programs',NULL);
INSERT INTO menu_link_translations VALUES(4,4,NULL,'2025-05-29 01:03:01','2025-05-29 01:03:11','en',1,'News',NULL);
CREATE TABLE IF NOT EXISTS "pages" ("id" integer primary key autoincrement not null, "deleted_at" datetime, "created_at" datetime, "updated_at" datetime, "published" tinyint(1) not null default '0', "_lft" integer not null default '0', "_rgt" integer not null default '0', "parent_id" integer, "position" integer);
INSERT INTO pages VALUES(1,NULL,'2025-05-26 09:59:04','2025-05-26 17:40:12',1,1,4,NULL,0);
INSERT INTO pages VALUES(2,'2025-05-26 15:01:51','2025-05-26 10:20:25','2025-05-26 15:01:51',1,5,6,NULL,2);
INSERT INTO pages VALUES(3,NULL,'2025-05-26 15:02:00','2025-05-26 17:43:43',1,2,3,1,0);
CREATE TABLE IF NOT EXISTS "page_translations" ("id" integer primary key autoincrement not null, "page_id" integer not null, "deleted_at" datetime, "created_at" datetime, "updated_at" datetime, "locale" varchar not null, "active" tinyint(1) not null default '0', "title" varchar, "meta_title" varchar, "meta_description" varchar, foreign key("page_id") references "pages"("id") on delete CASCADE);
INSERT INTO page_translations VALUES(1,1,NULL,'2025-05-26 09:59:04','2025-05-26 17:40:12','en',1,'About','About','No Limits Martial Arts and Fitness makes living a healthier lifestyle easier.');
INSERT INTO page_translations VALUES(2,2,NULL,'2025-05-26 10:20:25','2025-05-26 14:45:17','en',1,'Our Team',NULL,NULL);
INSERT INTO page_translations VALUES(3,3,NULL,'2025-05-26 15:02:00','2025-05-26 17:43:43','en',1,'Our Team',NULL,NULL);
CREATE TABLE IF NOT EXISTS "page_slugs" ("id" integer primary key autoincrement not null, "page_id" integer not null, "deleted_at" datetime, "created_at" datetime, "updated_at" datetime, "slug" varchar not null, "locale" varchar not null, "active" tinyint(1) not null, foreign key("page_id") references "pages"("id") on delete CASCADE on update NO ACTION);
INSERT INTO page_slugs VALUES(1,1,NULL,'2025-05-26 09:59:04','2025-05-26 17:40:12','about','en',1);
INSERT INTO page_slugs VALUES(2,2,'2025-05-26 15:01:51','2025-05-26 10:20:25','2025-05-26 15:01:51','our-team','en',0);
INSERT INTO page_slugs VALUES(3,2,'2025-05-26 15:01:51','2025-05-26 10:23:06','2025-05-26 15:01:51','aboutour-team','en',1);
INSERT INTO page_slugs VALUES(4,3,NULL,'2025-05-26 15:02:00','2025-05-26 17:43:43','our-team','en',1);
INSERT INTO page_slugs VALUES(5,3,NULL,'2025-05-26 15:02:36','2025-05-26 17:43:43','aboutour-team','en',0);
CREATE TABLE IF NOT EXISTS "page_revisions" ("id" integer primary key autoincrement not null, "page_id" integer not null, "user_id" integer, "created_at" datetime, "updated_at" datetime, "payload" text not null, foreign key("page_id") references "pages"("id") on delete cascade, foreign key("user_id") references "twill_users"("id") on delete set null);
INSERT INTO page_revisions VALUES(1,1,1,'2025-05-26 09:59:04','2025-05-26 09:59:04','{"slug":{"en":"about"},"title":{"en":"About"},"languages":[{"shortlabel":"EN","label":"English","value":"en","disabled":false,"published":true}]}');
INSERT INTO page_revisions VALUES(2,1,1,'2025-05-26 10:10:07','2025-05-26 10:10:07','{"title":{"en":"About"},"slug":{"en":"about"},"meta_title":{"en":null},"meta_description":{"en":null},"cmsSaveType":"save","published":false,"public":false,"publish_start_date":null,"publish_end_date":null,"languages":[{"shortlabel":"EN","label":"English","value":"en","disabled":false,"published":true}],"parent_id":0,"medias":[],"browsers":[],"blocks":[{"id":1748253794812,"type":"a17-block-common-cardblock","is_repeater":false,"editor_name":"default","content":{"type":"stack","heading":"We Remove the Limits to a Healthier You"},"medias":[],"browsers":[],"blocks":{"cards":[{"id":1748253831872,"type":"dynamic-repeater-cards","is_repeater":true,"content":{"heading":"Time No Limit","details":"At No Limits Martial Arts and Fitness, your schedule is our priority. Whether you''re dropping in for a single session or committing to a monthly membership, we\u2019ve got options to fit your life. Walk-ins are always welcome, and for those ready to take the leap, we offer discounts for monthly payments in advance. Ready when you are \u2014 let\u2019s remove the limits of time."},"medias":{"image":[{"id":2,"name":"Z2y0vJbqstJ981IA_DALL\u00b7E2024-12-0219.49.04-Aconceptualimagerepresentingtimenotbeingalimitingfactor_apersonrunningonaninfiniteclockfacethatblendsintothehorizon.Theclockh.jpeg","thumbnail":"http:\/\/localhost:8000\/img\/a965a4a5-7799-4570-9155-dc3f7aa70c6b\/z2y0vjbqstj981ia-dalle2024-12-0219-49-04-aconceptualimagerepresentingtimenotbeingalimitingfactor-apersonrunningonaninfiniteclockfacethatblendsintothehorizon-theclockh.jpeg?fm=jpg&q=60&fit=max&dpr=1&h=256","original":"http:\/\/localhost:8000\/img\/a965a4a5-7799-4570-9155-dc3f7aa70c6b\/z2y0vjbqstj981ia-dalle2024-12-0219-49-04-aconceptualimagerepresentingtimenotbeingalimitingfactor-apersonrunningonaninfiniteclockfacethatblendsintothehorizon-theclockh.jpeg","medium":"http:\/\/localhost:8000\/img\/a965a4a5-7799-4570-9155-dc3f7aa70c6b\/z2y0vjbqstj981ia-dalle2024-12-0219-49-04-aconceptualimagerepresentingtimenotbeingalimitingfactor-apersonrunningonaninfiniteclockfacethatblendsintothehorizon-theclockh.jpeg?fm=jpg&q=80&fit=max&h=430","width":"650","height":"350","tags":[],"deleteUrl":"http:\/\/localhost:8000\/admin\/media-library\/medias\/2","updateUrl":"http:\/\/localhost:8000\/admin\/media-library\/medias\/single-update","updateBulkUrl":"http:\/\/localhost:8000\/admin\/media-library\/medias\/bulk-update","deleteBulkUrl":"http:\/\/localhost:8000\/admin\/media-library\/medias\/bulk-delete","metadatas":{"default":{"caption":null,"altText":"Z2y0vJbqstJ981IA DALL\u00b7E2024 12 0219.49.04 Aconceptualimagerepresentingtimenotbeingalimitingfactor apersonrunningonaninfiniteclockfacethatblendsintothehorizon.Theclockh","video":null},"custom":{"caption":null,"altText":null,"video":null}},"disabled":false,"crops":{"default":{"name":"default","x":0,"y":0,"width":650,"height":350}}}]},"browsers":[],"blocks":[]}]}}],"repeaters":[]}');
INSERT INTO page_revisions VALUES(3,1,1,'2025-05-26 10:10:10','2025-05-26 10:10:10','{"title":{"en":"About"},"slug":{"en":"about"},"meta_title":{"en":null},"meta_description":{"en":null},"cmsSaveType":"publish","published":true,"public":false,"publish_start_date":null,"publish_end_date":null,"languages":[{"shortlabel":"EN","label":"English","value":"en","disabled":false,"published":true}],"parent_id":0,"medias":[],"browsers":[],"blocks":[{"id":1748253794812,"type":"a17-block-common-cardblock","is_repeater":false,"editor_name":"default","content":{"type":"stack","heading":"We Remove the Limits to a Healthier You"},"medias":[],"browsers":[],"blocks":{"cards":[{"id":1748253831872,"type":"dynamic-repeater-cards","is_repeater":true,"content":{"heading":"Time No Limit","details":"At No Limits Martial Arts and Fitness, your schedule is our priority. Whether you''re dropping in for a single session or committing to a monthly membership, we\u2019ve got options to fit your life. Walk-ins are always welcome, and for those ready to take the leap, we offer discounts for monthly payments in advance. Ready when you are \u2014 let\u2019s remove the limits of time."},"medias":{"image":[{"id":2,"name":"Z2y0vJbqstJ981IA_DALL\u00b7E2024-12-0219.49.04-Aconceptualimagerepresentingtimenotbeingalimitingfactor_apersonrunningonaninfiniteclockfacethatblendsintothehorizon.Theclockh.jpeg","thumbnail":"http:\/\/localhost:8000\/img\/a965a4a5-7799-4570-9155-dc3f7aa70c6b\/z2y0vjbqstj981ia-dalle2024-12-0219-49-04-aconceptualimagerepresentingtimenotbeingalimitingfactor-apersonrunningonaninfiniteclockfacethatblendsintothehorizon-theclockh.jpeg?fm=jpg&q=60&fit=max&dpr=1&h=256","original":"http:\/\/localhost:8000\/img\/a965a4a5-7799-4570-9155-dc3f7aa70c6b\/z2y0vjbqstj981ia-dalle2024-12-0219-49-04-aconceptualimagerepresentingtimenotbeingalimitingfactor-apersonrunningonaninfiniteclockfacethatblendsintothehorizon-theclockh.jpeg","medium":"http:\/\/localhost:8000\/img\/a965a4a5-7799-4570-9155-dc3f7aa70c6b\/z2y0vjbqstj981ia-dalle2024-12-0219-49-04-aconceptualimagerepresentingtimenotbeingalimitingfactor-apersonrunningonaninfiniteclockfacethatblendsintothehorizon-theclockh.jpeg?fm=jpg&q=80&fit=max&h=430","width":"650","height":"350","tags":[],"deleteUrl":"http:\/\/localhost:8000\/admin\/media-library\/medias\/2","updateUrl":"http:\/\/localhost:8000\/admin\/media-library\/medias\/single-update","updateBulkUrl":"http:\/\/localhost:8000\/admin\/media-library\/medias\/bulk-update","deleteBulkUrl":"http:\/\/localhost:8000\/admin\/media-library\/medias\/bulk-delete","metadatas":{"default":{"caption":null,"altText":"Z2y0vJbqstJ981IA DALL\u00b7E2024 12 0219.49.04 Aconceptualimagerepresentingtimenotbeingalimitingfactor apersonrunningonaninfiniteclockfacethatblendsintothehorizon.Theclockh","video":null},"custom":{"caption":null,"altText":null,"video":null}},"disabled":false,"crops":{"default":{"name":"default","x":0,"y":0,"width":650,"height":350}}}]},"browsers":[],"blocks":[]}]}}],"repeaters":[]}');
INSERT INTO page_revisions VALUES(4,1,1,'2025-05-26 10:13:55','2025-05-26 10:13:55','{"title":{"en":"About"},"slug":{"en":"about"},"meta_title":{"en":null},"meta_description":{"en":null},"cmsSaveType":"update","published":true,"public":false,"publish_start_date":null,"publish_end_date":null,"languages":[{"shortlabel":"EN","label":"English","value":"en","disabled":false,"published":true}],"parent_id":0,"medias":[],"browsers":[],"blocks":[{"id":1748253794812,"type":"a17-block-common-cardblock","is_repeater":false,"editor_name":"default","content":{"type":"stack","heading":"We Remove the Limits to a Healthier You"},"medias":[],"browsers":[],"blocks":{"cards":[{"id":1748253831872,"type":"dynamic-repeater-cards","is_repeater":true,"content":{"heading":"Time No Limit","details":"At No Limits Martial Arts and Fitness, your schedule is our priority. Whether you''re dropping in for a single session or committing to a monthly membership, we\u2019ve got options to fit your life. Walk-ins are always welcome, and for those ready to take the leap, we offer discounts for monthly payments in advance. Ready when you are \u2014 let\u2019s remove the limits of time."},"medias":{"image":[{"id":2,"name":"Z2y0vJbqstJ981IA_DALL\u00b7E2024-12-0219.49.04-Aconceptualimagerepresentingtimenotbeingalimitingfactor_apersonrunningonaninfiniteclockfacethatblendsintothehorizon.Theclockh.jpeg","thumbnail":"http:\/\/localhost:8000\/img\/a965a4a5-7799-4570-9155-dc3f7aa70c6b\/z2y0vjbqstj981ia-dalle2024-12-0219-49-04-aconceptualimagerepresentingtimenotbeingalimitingfactor-apersonrunningonaninfiniteclockfacethatblendsintothehorizon-theclockh.jpeg?fm=jpg&q=60&fit=max&dpr=1&h=256","original":"http:\/\/localhost:8000\/img\/a965a4a5-7799-4570-9155-dc3f7aa70c6b\/z2y0vjbqstj981ia-dalle2024-12-0219-49-04-aconceptualimagerepresentingtimenotbeingalimitingfactor-apersonrunningonaninfiniteclockfacethatblendsintothehorizon-theclockh.jpeg","medium":"http:\/\/localhost:8000\/img\/a965a4a5-7799-4570-9155-dc3f7aa70c6b\/z2y0vjbqstj981ia-dalle2024-12-0219-49-04-aconceptualimagerepresentingtimenotbeingalimitingfactor-apersonrunningonaninfiniteclockfacethatblendsintothehorizon-theclockh.jpeg?fm=jpg&q=80&fit=max&h=430","width":"650","height":"350","tags":[],"deleteUrl":"http:\/\/localhost:8000\/admin\/media-library\/medias\/2","updateUrl":"http:\/\/localhost:8000\/admin\/media-library\/medias\/single-update","updateBulkUrl":"http:\/\/localhost:8000\/admin\/media-library\/medias\/bulk-update","deleteBulkUrl":"http:\/\/localhost:8000\/admin\/media-library\/medias\/bulk-delete","metadatas":{"default":{"caption":null,"altText":"Z2y0vJbqstJ981IA DALL\u00b7E2024 12 0219.49.04 Aconceptualimagerepresentingtimenotbeingalimitingfactor apersonrunningonaninfiniteclockfacethatblendsintothehorizon.Theclockh","video":null},"custom":{"caption":null,"altText":null,"video":null}},"disabled":false,"crops":{"default":{"name":"default","x":0,"y":0,"width":650,"height":350}}}]},"browsers":[],"blocks":[]},{"id":1748254325539,"type":"dynamic-repeater-cards","is_repeater":true,"content":{"heading":"Location No Limit","details":"No Limits is closer than you think! Our main branch is conveniently located in Beaverdam, VA, and we\u2019re proud to have a satellite location at Reynolds Community College. Looking for something even closer? We\u2019re open to expanding into new neighborhoods, organizations, or businesses. If you\u2019d like to see No Limits in your area, let\u2019s talk \u2014 together, we can make it happen."},"medias":{"image":[{"id":3,"name":"Z2y0zZbqstJ981IC_DALL\u00b7E2024-12-0219.52.09-Aconceptualimagerepresentinglocationnotbeingalimitingfactor_apersonstandinginthecenterofaglowingworldmap,withvibrantconnections.jpeg","thumbnail":"http:\/\/localhost:8000\/img\/52e306f3-dffa-438f-90d7-4f021c16ff7f\/z2y0zzbqstj981ic-dalle2024-12-0219-52-09-aconceptualimagerepresentinglocationnotbeingalimitingfactor-apersonstandinginthecenterofaglowingworldmapwithvibrantconnections.jpeg?fm=jpg&q=60&fit=max&dpr=1&h=256","original":"http:\/\/localhost:8000\/img\/52e306f3-dffa-438f-90d7-4f021c16ff7f\/z2y0zzbqstj981ic-dalle2024-12-0219-52-09-aconceptualimagerepresentinglocationnotbeingalimitingfactor-apersonstandinginthecenterofaglowingworldmapwithvibrantconnections.jpeg","medium":"http:\/\/localhost:8000\/img\/52e306f3-dffa-438f-90d7-4f021c16ff7f\/z2y0zzbqstj981ic-dalle2024-12-0219-52-09-aconceptualimagerepresentinglocationnotbeingalimitingfactor-apersonstandinginthecenterofaglowingworldmapwithvibrantconnections.jpeg?fm=jpg&q=80&fit=max&h=430","width":"659","height":"350","tags":[],"deleteUrl":"http:\/\/localhost:8000\/admin\/media-library\/medias\/3","updateUrl":"http:\/\/localhost:8000\/admin\/media-library\/medias\/single-update","updateBulkUrl":"http:\/\/localhost:8000\/admin\/media-library\/medias\/bulk-update","deleteBulkUrl":"http:\/\/localhost:8000\/admin\/media-library\/medias\/bulk-delete","metadatas":{"default":{"caption":null,"altText":"Z2y0zZbqstJ981IC DALL\u00b7E2024 12 0219.52.09 Aconceptualimagerepresentinglocationnotbeingalimitingfactor apersonstandinginthecenterofaglowingworldmap,withvibrantconnections","video":null},"custom":{"caption":null,"altText":null,"video":null}},"disabled":false,"crops":{"default":{"name":"default","x":0,"y":0,"width":659,"height":350}}}]},"browsers":[],"blocks":[]},{"id":1748254367600,"type":"dynamic-repeater-cards","is_repeater":true,"content":{"heading":"Ability No Limit","details":"At No Limits Martial Arts and Fitness, your starting point is just the beginning. From seasoned athletes seeking to refine their skills to beginners taking their first steps toward fitness, we\u2019re here to guide you. Our customized plans meet you where you are, building confidence, strength, and agility at your pace. Whatever your ability, we\u2019ll help you achieve your goals \u2014 no limits required."},"medias":{"image":[{"id":4,"name":"Z2y1I5bqstJ981IE_DALL\u00b7E2024-12-1323.39.48-Adynamicandmotivationalillustrationemphasizingtheideaoflimitlessfitnessopportunitiesinvariouslocations.Theimageshowsdiverseindividu.jpeg","thumbnail":"http:\/\/localhost:8000\/img\/4f2c4175-962a-4e18-a401-7ed02f9495e0\/z2y1i5bqstj981ie-dalle2024-12-1323-39-48-adynamicandmotivationalillustrationemphasizingtheideaoflimitlessfitnessopportunitiesinvariouslocations-theimageshowsdiverseindividu.jpeg?fm=jpg&q=60&fit=max&dpr=1&h=256","original":"http:\/\/localhost:8000\/img\/4f2c4175-962a-4e18-a401-7ed02f9495e0\/z2y1i5bqstj981ie-dalle2024-12-1323-39-48-adynamicandmotivationalillustrationemphasizingtheideaoflimitlessfitnessopportunitiesinvariouslocations-theimageshowsdiverseindividu.jpeg","medium":"http:\/\/localhost:8000\/img\/4f2c4175-962a-4e18-a401-7ed02f9495e0\/z2y1i5bqstj981ie-dalle2024-12-1323-39-48-adynamicandmotivationalillustrationemphasizingtheideaoflimitlessfitnessopportunitiesinvariouslocations-theimageshowsdiverseindividu.jpeg?fm=jpg&q=80&fit=max&h=430","width":"650","height":"350","tags":[],"deleteUrl":"http:\/\/localhost:8000\/admin\/media-library\/medias\/4","updateUrl":"http:\/\/localhost:8000\/admin\/media-library\/medias\/single-update","updateBulkUrl":"http:\/\/localhost:8000\/admin\/media-library\/medias\/bulk-update","deleteBulkUrl":"http:\/\/localhost:8000\/admin\/media-library\/medias\/bulk-delete","metadatas":{"default":{"caption":null,"altText":"Z2y1I5bqstJ981IE DALL\u00b7E2024 12 1323.39.48 Adynamicandmotivationalillustrationemphasizingtheideaoflimitlessfitnessopportunitiesinvariouslocations.Theimageshowsdiverseindividu","video":null},"custom":{"caption":null,"altText":null,"video":null}},"disabled":false,"crops":{"default":{"name":"default","x":0,"y":0,"width":650,"height":350}}}]},"browsers":[],"blocks":[]}]}}],"repeaters":[]}');
INSERT INTO page_revisions VALUES(5,2,1,'2025-05-26 10:20:25','2025-05-26 10:20:25','{"slug":{"en":"our-team"},"title":{"en":"Our Team"},"languages":[{"shortlabel":"EN","label":"English","value":"en","disabled":false,"published":true}]}');
INSERT INTO page_revisions VALUES(6,2,1,'2025-05-26 10:23:06','2025-05-26 10:23:06','{"meta_title":{"en":null},"meta_description":{"en":null},"title":{"en":"Our Team"},"slug":{"en":"about\/our-team"},"cmsSaveType":"publish","published":true,"public":false,"publish_start_date":null,"publish_end_date":null,"languages":[{"shortlabel":"EN","label":"English","value":"en","disabled":false,"published":true}],"parent_id":0,"medias":[],"browsers":[],"blocks":[{"id":1748254858904,"type":"a17-block-common-cardblock","is_repeater":false,"editor_name":"default","content":{"heading":"Meet Our Team","type":"profile"},"medias":[],"browsers":[],"blocks":{"cards":[{"id":1748254871775,"type":"dynamic-repeater-cards","is_repeater":true,"content":{"heading":"Brianne Jackson","details":"Master"},"medias":{"image":[{"id":5,"name":"brianne .jpeg","thumbnail":"http:\/\/localhost:8000\/img\/220fd826-c22b-4d70-948b-06355b8059d1\/brianne.jpeg?fm=jpg&q=60&fit=max&dpr=1&h=256","original":"http:\/\/localhost:8000\/img\/220fd826-c22b-4d70-948b-06355b8059d1\/brianne.jpeg","medium":"http:\/\/localhost:8000\/img\/220fd826-c22b-4d70-948b-06355b8059d1\/brianne.jpeg?fm=jpg&q=80&fit=max&h=430","width":"400","height":"300","tags":[],"deleteUrl":"http:\/\/localhost:8000\/admin\/media-library\/medias\/5","updateUrl":"http:\/\/localhost:8000\/admin\/media-library\/medias\/single-update","updateBulkUrl":"http:\/\/localhost:8000\/admin\/media-library\/medias\/bulk-update","deleteBulkUrl":"http:\/\/localhost:8000\/admin\/media-library\/medias\/bulk-delete","metadatas":{"default":{"caption":null,"altText":"Brianne","video":null},"custom":{"caption":null,"altText":null,"video":null}},"disabled":false,"crops":{"default":{"name":"default","x":0,"y":0,"width":400,"height":300}}}]},"browsers":[],"blocks":[]},{"id":1748254914434,"type":"dynamic-repeater-cards","is_repeater":true,"content":{"heading":"Juliet Ruiz","details":"Instructor"},"medias":{"image":[{"id":6,"name":"Juliet.jpeg","thumbnail":"http:\/\/localhost:8000\/img\/feedb3b2-0624-473d-890c-9cb23736e765\/juliet.jpeg?fm=jpg&q=60&fit=max&dpr=1&h=256","original":"http:\/\/localhost:8000\/img\/feedb3b2-0624-473d-890c-9cb23736e765\/juliet.jpeg","medium":"http:\/\/localhost:8000\/img\/feedb3b2-0624-473d-890c-9cb23736e765\/juliet.jpeg?fm=jpg&q=80&fit=max&h=430","width":"400","height":"300","tags":[],"deleteUrl":"http:\/\/localhost:8000\/admin\/media-library\/medias\/6","updateUrl":"http:\/\/localhost:8000\/admin\/media-library\/medias\/single-update","updateBulkUrl":"http:\/\/localhost:8000\/admin\/media-library\/medias\/bulk-update","deleteBulkUrl":"http:\/\/localhost:8000\/admin\/media-library\/medias\/bulk-delete","metadatas":{"default":{"caption":null,"altText":"Juliet","video":null},"custom":{"caption":null,"altText":null,"video":null}},"disabled":false,"crops":{"default":{"name":"default","x":0,"y":0,"width":400,"height":300}}}]},"browsers":[],"blocks":[]},{"id":1748254956873,"type":"dynamic-repeater-cards","is_repeater":true,"content":{"heading":"Kelly Tyger","details":"Instructor"},"medias":{"image":[{"id":7,"name":"Kelly.jpeg","thumbnail":"http:\/\/localhost:8000\/img\/59855814-b068-4406-a670-45c8c5ab4349\/kelly.jpeg?fm=jpg&q=60&fit=max&dpr=1&h=256","original":"http:\/\/localhost:8000\/img\/59855814-b068-4406-a670-45c8c5ab4349\/kelly.jpeg","medium":"http:\/\/localhost:8000\/img\/59855814-b068-4406-a670-45c8c5ab4349\/kelly.jpeg?fm=jpg&q=80&fit=max&h=430","width":"400","height":"300","tags":[],"deleteUrl":"http:\/\/localhost:8000\/admin\/media-library\/medias\/7","updateUrl":"http:\/\/localhost:8000\/admin\/media-library\/medias\/single-update","updateBulkUrl":"http:\/\/localhost:8000\/admin\/media-library\/medias\/bulk-update","deleteBulkUrl":"http:\/\/localhost:8000\/admin\/media-library\/medias\/bulk-delete","metadatas":{"default":{"caption":null,"altText":"Kelly","video":null},"custom":{"caption":null,"altText":null,"video":null}},"disabled":false,"crops":{"default":{"name":"default","x":0,"y":0,"width":400,"height":300}}}]},"browsers":[],"blocks":[]}]}}],"repeaters":[]}');
INSERT INTO page_revisions VALUES(7,2,1,'2025-05-26 10:23:07','2025-05-26 10:23:07','{"meta_title":{"en":null},"meta_description":{"en":null},"title":{"en":"Our Team"},"slug":{"en":"about\/our-team"},"cmsSaveType":"update","published":true,"public":false,"publish_start_date":null,"publish_end_date":null,"languages":[{"shortlabel":"EN","label":"English","value":"en","disabled":false,"published":true}],"parent_id":0,"medias":[],"browsers":[],"blocks":[{"id":1748254858904,"type":"a17-block-common-cardblock","is_repeater":false,"editor_name":"default","content":{"heading":"Meet Our Team","type":"profile"},"medias":[],"browsers":[],"blocks":{"cards":[{"id":1748254871775,"type":"dynamic-repeater-cards","is_repeater":true,"content":{"heading":"Brianne Jackson","details":"Master"},"medias":{"image":[{"id":5,"name":"brianne .jpeg","thumbnail":"http:\/\/localhost:8000\/img\/220fd826-c22b-4d70-948b-06355b8059d1\/brianne.jpeg?fm=jpg&q=60&fit=max&dpr=1&h=256","original":"http:\/\/localhost:8000\/img\/220fd826-c22b-4d70-948b-06355b8059d1\/brianne.jpeg","medium":"http:\/\/localhost:8000\/img\/220fd826-c22b-4d70-948b-06355b8059d1\/brianne.jpeg?fm=jpg&q=80&fit=max&h=430","width":"400","height":"300","tags":[],"deleteUrl":"http:\/\/localhost:8000\/admin\/media-library\/medias\/5","updateUrl":"http:\/\/localhost:8000\/admin\/media-library\/medias\/single-update","updateBulkUrl":"http:\/\/localhost:8000\/admin\/media-library\/medias\/bulk-update","deleteBulkUrl":"http:\/\/localhost:8000\/admin\/media-library\/medias\/bulk-delete","metadatas":{"default":{"caption":null,"altText":"Brianne","video":null},"custom":{"caption":null,"altText":null,"video":null}},"disabled":false,"crops":{"default":{"name":"default","x":0,"y":0,"width":400,"height":300}}}]},"browsers":[],"blocks":[]},{"id":1748254914434,"type":"dynamic-repeater-cards","is_repeater":true,"content":{"heading":"Juliet Ruiz","details":"Instructor"},"medias":{"image":[{"id":6,"name":"Juliet.jpeg","thumbnail":"http:\/\/localhost:8000\/img\/feedb3b2-0624-473d-890c-9cb23736e765\/juliet.jpeg?fm=jpg&q=60&fit=max&dpr=1&h=256","original":"http:\/\/localhost:8000\/img\/feedb3b2-0624-473d-890c-9cb23736e765\/juliet.jpeg","medium":"http:\/\/localhost:8000\/img\/feedb3b2-0624-473d-890c-9cb23736e765\/juliet.jpeg?fm=jpg&q=80&fit=max&h=430","width":"400","height":"300","tags":[],"deleteUrl":"http:\/\/localhost:8000\/admin\/media-library\/medias\/6","updateUrl":"http:\/\/localhost:8000\/admin\/media-library\/medias\/single-update","updateBulkUrl":"http:\/\/localhost:8000\/admin\/media-library\/medias\/bulk-update","deleteBulkUrl":"http:\/\/localhost:8000\/admin\/media-library\/medias\/bulk-delete","metadatas":{"default":{"caption":null,"altText":"Juliet","video":null},"custom":{"caption":null,"altText":null,"video":null}},"disabled":false,"crops":{"default":{"name":"default","x":0,"y":0,"width":400,"height":300}}}]},"browsers":[],"blocks":[]},{"id":1748254956873,"type":"dynamic-repeater-cards","is_repeater":true,"content":{"heading":"Kelly Tyger","details":"Instructor"},"medias":{"image":[{"id":7,"name":"Kelly.jpeg","thumbnail":"http:\/\/localhost:8000\/img\/59855814-b068-4406-a670-45c8c5ab4349\/kelly.jpeg?fm=jpg&q=60&fit=max&dpr=1&h=256","original":"http:\/\/localhost:8000\/img\/59855814-b068-4406-a670-45c8c5ab4349\/kelly.jpeg","medium":"http:\/\/localhost:8000\/img\/59855814-b068-4406-a670-45c8c5ab4349\/kelly.jpeg?fm=jpg&q=80&fit=max&h=430","width":"400","height":"300","tags":[],"deleteUrl":"http:\/\/localhost:8000\/admin\/media-library\/medias\/7","updateUrl":"http:\/\/localhost:8000\/admin\/media-library\/medias\/single-update","updateBulkUrl":"http:\/\/localhost:8000\/admin\/media-library\/medias\/bulk-update","deleteBulkUrl":"http:\/\/localhost:8000\/admin\/media-library\/medias\/bulk-delete","metadatas":{"default":{"caption":null,"altText":"Kelly","video":null},"custom":{"caption":null,"altText":null,"video":null}},"disabled":false,"crops":{"default":{"name":"default","x":0,"y":0,"width":400,"height":300}}}]},"browsers":[],"blocks":[]}]}}],"repeaters":[]}');
INSERT INTO page_revisions VALUES(8,2,1,'2025-05-26 14:41:31','2025-05-26 14:41:31','{"meta_title":{"en":null},"meta_description":{"en":null},"title":{"en":"Our Team"},"slug":{"en":"about\/our-team"},"cmsSaveType":"update","published":true,"public":false,"publish_start_date":null,"publish_end_date":null,"languages":[{"shortlabel":"EN","label":"English","value":"en","disabled":false,"published":true}],"parent_id":0,"medias":[],"browsers":[],"blocks":[{"id":7,"type":"a17-block-common-cardblock","is_repeater":false,"editor_name":"default","content":{"heading":"Meet Our Team","type":"profile"},"medias":[],"browsers":[],"blocks":{"cards":[{"id":8,"type":"dynamic-repeater-cards","is_repeater":true,"editor_name":"default","content":{"heading":"Brianne Jackson","details":"Master"},"medias":{"image":[{"id":5,"name":"brianne .jpeg","thumbnail":"http:\/\/localhost:8000\/img\/220fd826-c22b-4d70-948b-06355b8059d1\/brianne.jpeg?fm=jpg&q=60&fit=max&dpr=1&h=256","original":"http:\/\/localhost:8000\/img\/220fd826-c22b-4d70-948b-06355b8059d1\/brianne.jpeg","medium":"http:\/\/localhost:8000\/img\/220fd826-c22b-4d70-948b-06355b8059d1\/brianne.jpeg?fm=jpg&q=80&fit=max&h=430","width":400,"height":300,"tags":[],"deleteUrl":null,"updateUrl":"http:\/\/localhost:8000\/admin\/media-library\/medias\/single-update","updateBulkUrl":"http:\/\/localhost:8000\/admin\/media-library\/medias\/bulk-update","deleteBulkUrl":"http:\/\/localhost:8000\/admin\/media-library\/medias\/bulk-delete","metadatas":{"default":{"caption":null,"altText":"Brianne","video":null},"custom":{"caption":null,"altText":null,"video":null}},"pivot_id":13,"crops":{"default":{"pivot_id":13,"name":"default","width":400,"height":300,"x":0,"y":0}}}]},"browsers":[],"blocks":[]},{"id":9,"type":"dynamic-repeater-cards","is_repeater":true,"editor_name":"default","content":{"heading":"Juliet Ruiz","details":"Instructor"},"medias":{"image":[{"id":6,"name":"Juliet.jpeg","thumbnail":"http:\/\/localhost:8000\/img\/feedb3b2-0624-473d-890c-9cb23736e765\/juliet.jpeg?fm=jpg&q=60&fit=max&dpr=1&h=256","original":"http:\/\/localhost:8000\/img\/feedb3b2-0624-473d-890c-9cb23736e765\/juliet.jpeg","medium":"http:\/\/localhost:8000\/img\/feedb3b2-0624-473d-890c-9cb23736e765\/juliet.jpeg?fm=jpg&q=80&fit=max&h=430","width":400,"height":300,"tags":[],"deleteUrl":null,"updateUrl":"http:\/\/localhost:8000\/admin\/media-library\/medias\/single-update","updateBulkUrl":"http:\/\/localhost:8000\/admin\/media-library\/medias\/bulk-update","deleteBulkUrl":"http:\/\/localhost:8000\/admin\/media-library\/medias\/bulk-delete","metadatas":{"default":{"caption":null,"altText":"Juliet","video":null},"custom":{"caption":null,"altText":null,"video":null}},"pivot_id":14,"crops":{"default":{"pivot_id":14,"name":"default","width":400,"height":300,"x":0,"y":0}}}]},"browsers":[],"blocks":[]},{"id":10,"type":"dynamic-repeater-cards","is_repeater":true,"editor_name":"default","content":{"heading":"Kelly Tyger","details":"Instructor"},"medias":{"image":[{"id":7,"name":"Kelly.jpeg","thumbnail":"http:\/\/localhost:8000\/img\/59855814-b068-4406-a670-45c8c5ab4349\/kelly.jpeg?fm=jpg&q=60&fit=max&dpr=1&h=256","original":"http:\/\/localhost:8000\/img\/59855814-b068-4406-a670-45c8c5ab4349\/kelly.jpeg","medium":"http:\/\/localhost:8000\/img\/59855814-b068-4406-a670-45c8c5ab4349\/kelly.jpeg?fm=jpg&q=80&fit=max&h=430","width":400,"height":300,"tags":[],"deleteUrl":null,"updateUrl":"http:\/\/localhost:8000\/admin\/media-library\/medias\/single-update","updateBulkUrl":"http:\/\/localhost:8000\/admin\/media-library\/medias\/bulk-update","deleteBulkUrl":"http:\/\/localhost:8000\/admin\/media-library\/medias\/bulk-delete","metadatas":{"default":{"caption":null,"altText":"Kelly","video":null},"custom":{"caption":null,"altText":null,"video":null}},"pivot_id":15,"crops":{"default":{"pivot_id":15,"name":"default","width":400,"height":300,"x":0,"y":0}}}]},"browsers":[],"blocks":[]}]}}],"repeaters":[]}');
INSERT INTO page_revisions VALUES(9,3,1,'2025-05-26 15:02:00','2025-05-26 15:02:00','{"slug":{"en":"our-team"},"title":{"en":"Our Team"},"languages":[{"shortlabel":"EN","label":"English","value":"en","disabled":false,"published":true}]}');
INSERT INTO page_revisions VALUES(10,3,1,'2025-05-26 15:02:36','2025-05-26 15:02:36','{"meta_title":{"en":null},"meta_description":{"en":null},"title":{"en":"Our Team"},"slug":{"en":"about\/our-team"},"cmsSaveType":"save","published":false,"public":false,"publish_start_date":null,"publish_end_date":null,"languages":[{"shortlabel":"EN","label":"English","value":"en","disabled":false,"published":true}],"parent_id":0,"medias":[],"browsers":[],"blocks":[{"id":1748271743143,"type":"a17-block-common-cardblock","is_repeater":false,"editor_name":"default","content":{"type":"profile"},"medias":[],"browsers":[],"blocks":{"cards":[{"id":1748271749261,"type":"dynamic-repeater-cards","is_repeater":true,"content":{"heading":"Briane"},"medias":[],"browsers":[],"blocks":[]}]}}],"repeaters":[]}');
INSERT INTO page_revisions VALUES(11,3,1,'2025-05-26 15:02:42','2025-05-26 15:02:42','{"meta_title":{"en":null},"meta_description":{"en":null},"title":{"en":"Our Team"},"slug":{"en":"about\/our-team"},"cmsSaveType":"publish","published":true,"public":false,"publish_start_date":null,"publish_end_date":null,"languages":[{"shortlabel":"EN","label":"English","value":"en","disabled":false,"published":true}],"parent_id":0,"medias":[],"browsers":[],"blocks":[{"id":1748271743143,"type":"a17-block-common-cardblock","is_repeater":false,"editor_name":"default","content":{"type":"profile"},"medias":[],"browsers":[],"blocks":{"cards":[{"id":1748271749261,"type":"dynamic-repeater-cards","is_repeater":true,"content":{"heading":"Briane"},"medias":[],"browsers":[],"blocks":[]}]}}],"repeaters":[]}');
INSERT INTO page_revisions VALUES(12,3,1,'2025-05-26 17:21:16','2025-05-26 17:21:16','{"title":{"en":"Our Team"},"slug":{"en":"aboutour-team"},"meta_title":{"en":null},"meta_description":{"en":null},"cmsSaveType":"update","published":true,"public":false,"publish_start_date":null,"publish_end_date":null,"languages":[{"shortlabel":"EN","label":"English","value":"en","disabled":false,"published":true}],"parent_id":0,"medias":[],"browsers":[],"blocks":[{"id":11,"type":"a17-block-common-cardblock","is_repeater":false,"editor_name":"default","content":{"type":"profile"},"medias":[],"browsers":[],"blocks":{"cards":[{"id":12,"type":"dynamic-repeater-cards","is_repeater":true,"editor_name":"default","content":{"heading":"Briane"},"medias":[],"browsers":[],"blocks":[]}]}}],"repeaters":[]}');
INSERT INTO page_revisions VALUES(13,1,1,'2025-05-26 17:40:12','2025-05-26 17:40:12','{"title":{"en":"About"},"slug":{"en":"about"},"meta_title":{"en":"About"},"meta_description":{"en":"No Limits Martial Arts and Fitness makes living a healthier lifestyle easier."},"cmsSaveType":"update","published":true,"public":false,"publish_start_date":null,"publish_end_date":null,"languages":[{"shortlabel":"EN","label":"English","value":"en","disabled":false,"published":true}],"parent_id":0,"medias":[],"browsers":[],"blocks":[{"id":1748281068609,"type":"a17-block-common-cardblock","is_repeater":false,"editor_name":"default","content":{"heading":"We Remove the Limits to a Healthier You","type":"stack"},"medias":[],"browsers":[],"blocks":{"cards":[{"id":1748281087181,"type":"dynamic-repeater-cards","is_repeater":true,"content":{"heading":"Time No Limit","details":"At No Limits Martial Arts and Fitness, your schedule is our priority. Whether you''re dropping in for a single session or committing to a monthly membership, we\u2019ve got options to fit your life. Walk-ins are always welcome, and for those ready to take the leap, we offer discounts for monthly payments in advance. Ready when you are \u2014 let\u2019s remove the limits of time."},"medias":{"image":[{"id":2,"name":"Z2y0vJbqstJ981IA_DALL\u00b7E2024-12-0219.49.04-Aconceptualimagerepresentingtimenotbeingalimitingfactor_apersonrunningonaninfiniteclockfacethatblendsintothehorizon.Theclockh.jpeg","thumbnail":"http:\/\/localhost:8000\/img\/a965a4a5-7799-4570-9155-dc3f7aa70c6b\/z2y0vjbqstj981ia-dalle2024-12-0219-49-04-aconceptualimagerepresentingtimenotbeingalimitingfactor-apersonrunningonaninfiniteclockfacethatblendsintothehorizon-theclockh.jpeg?fm=jpg&q=60&fit=max&dpr=1&h=256","original":"http:\/\/localhost:8000\/img\/a965a4a5-7799-4570-9155-dc3f7aa70c6b\/z2y0vjbqstj981ia-dalle2024-12-0219-49-04-aconceptualimagerepresentingtimenotbeingalimitingfactor-apersonrunningonaninfiniteclockfacethatblendsintothehorizon-theclockh.jpeg","medium":"http:\/\/localhost:8000\/img\/a965a4a5-7799-4570-9155-dc3f7aa70c6b\/z2y0vjbqstj981ia-dalle2024-12-0219-49-04-aconceptualimagerepresentingtimenotbeingalimitingfactor-apersonrunningonaninfiniteclockfacethatblendsintothehorizon-theclockh.jpeg?fm=jpg&q=80&fit=max&h=430","width":650,"height":350,"tags":[],"deleteUrl":null,"updateUrl":"http:\/\/localhost:8000\/admin\/media-library\/medias\/single-update","updateBulkUrl":"http:\/\/localhost:8000\/admin\/media-library\/medias\/bulk-update","deleteBulkUrl":"http:\/\/localhost:8000\/admin\/media-library\/medias\/bulk-delete","metadatas":{"default":{"caption":null,"altText":"Z2y0vJbqstJ981IA DALL\u00b7E2024 12 0219.49.04 Aconceptualimagerepresentingtimenotbeingalimitingfactor apersonrunningonaninfiniteclockfacethatblendsintothehorizon.Theclockh","video":null},"custom":{"caption":null,"altText":null,"video":null}},"disabled":false,"crops":{"default":{"name":"default","x":0,"y":0,"width":650,"height":350}}}]},"browsers":[],"blocks":[]},{"id":1748281121943,"type":"dynamic-repeater-cards","is_repeater":true,"content":{"heading":"Location No Limit","details":"No Limits is closer than you think! Our main branch is conveniently located in Beaverdam, VA, and we\u2019re proud to have a satellite location at Reynolds Community College. Looking for something even closer? We\u2019re open to expanding into new neighborhoods, organizations, or businesses. If you\u2019d like to see No Limits in your area, let\u2019s talk \u2014 together, we can make it happen."},"medias":{"image":[{"id":3,"name":"Z2y0zZbqstJ981IC_DALL\u00b7E2024-12-0219.52.09-Aconceptualimagerepresentinglocationnotbeingalimitingfactor_apersonstandinginthecenterofaglowingworldmap,withvibrantconnections.jpeg","thumbnail":"http:\/\/localhost:8000\/img\/52e306f3-dffa-438f-90d7-4f021c16ff7f\/z2y0zzbqstj981ic-dalle2024-12-0219-52-09-aconceptualimagerepresentinglocationnotbeingalimitingfactor-apersonstandinginthecenterofaglowingworldmapwithvibrantconnections.jpeg?fm=jpg&q=60&fit=max&dpr=1&h=256","original":"http:\/\/localhost:8000\/img\/52e306f3-dffa-438f-90d7-4f021c16ff7f\/z2y0zzbqstj981ic-dalle2024-12-0219-52-09-aconceptualimagerepresentinglocationnotbeingalimitingfactor-apersonstandinginthecenterofaglowingworldmapwithvibrantconnections.jpeg","medium":"http:\/\/localhost:8000\/img\/52e306f3-dffa-438f-90d7-4f021c16ff7f\/z2y0zzbqstj981ic-dalle2024-12-0219-52-09-aconceptualimagerepresentinglocationnotbeingalimitingfactor-apersonstandinginthecenterofaglowingworldmapwithvibrantconnections.jpeg?fm=jpg&q=80&fit=max&h=430","width":659,"height":350,"tags":[],"deleteUrl":null,"updateUrl":"http:\/\/localhost:8000\/admin\/media-library\/medias\/single-update","updateBulkUrl":"http:\/\/localhost:8000\/admin\/media-library\/medias\/bulk-update","deleteBulkUrl":"http:\/\/localhost:8000\/admin\/media-library\/medias\/bulk-delete","metadatas":{"default":{"caption":null,"altText":"Z2y0zZbqstJ981IC DALL\u00b7E2024 12 0219.52.09 Aconceptualimagerepresentinglocationnotbeingalimitingfactor apersonstandinginthecenterofaglowingworldmap,withvibrantconnections","video":null},"custom":{"caption":null,"altText":null,"video":null}},"disabled":false,"crops":{"default":{"name":"default","x":0,"y":0,"width":659,"height":350}}}]},"browsers":[],"blocks":[]},{"id":1748281152897,"type":"dynamic-repeater-cards","is_repeater":true,"content":{"heading":"Experience No Limit","details":"At No Limits Martial Arts and Fitness, your starting point is just the beginning. From seasoned athletes seeking to refine their skills to beginners taking their first steps toward fitness, we\u2019re here to guide you. Our customized plans meet you where you are, building confidence, strength, and agility at your pace. Whatever your ability, we\u2019ll help you achieve your goals \u2014 no limits required."},"medias":{"image":[{"id":4,"name":"Z2y1I5bqstJ981IE_DALL\u00b7E2024-12-1323.39.48-Adynamicandmotivationalillustrationemphasizingtheideaoflimitlessfitnessopportunitiesinvariouslocations.Theimageshowsdiverseindividu.jpeg","thumbnail":"http:\/\/localhost:8000\/img\/4f2c4175-962a-4e18-a401-7ed02f9495e0\/z2y1i5bqstj981ie-dalle2024-12-1323-39-48-adynamicandmotivationalillustrationemphasizingtheideaoflimitlessfitnessopportunitiesinvariouslocations-theimageshowsdiverseindividu.jpeg?fm=jpg&q=60&fit=max&dpr=1&h=256","original":"http:\/\/localhost:8000\/img\/4f2c4175-962a-4e18-a401-7ed02f9495e0\/z2y1i5bqstj981ie-dalle2024-12-1323-39-48-adynamicandmotivationalillustrationemphasizingtheideaoflimitlessfitnessopportunitiesinvariouslocations-theimageshowsdiverseindividu.jpeg","medium":"http:\/\/localhost:8000\/img\/4f2c4175-962a-4e18-a401-7ed02f9495e0\/z2y1i5bqstj981ie-dalle2024-12-1323-39-48-adynamicandmotivationalillustrationemphasizingtheideaoflimitlessfitnessopportunitiesinvariouslocations-theimageshowsdiverseindividu.jpeg?fm=jpg&q=80&fit=max&h=430","width":650,"height":350,"tags":[],"deleteUrl":null,"updateUrl":"http:\/\/localhost:8000\/admin\/media-library\/medias\/single-update","updateBulkUrl":"http:\/\/localhost:8000\/admin\/media-library\/medias\/bulk-update","deleteBulkUrl":"http:\/\/localhost:8000\/admin\/media-library\/medias\/bulk-delete","metadatas":{"default":{"caption":null,"altText":"Z2y1I5bqstJ981IE DALL\u00b7E2024 12 1323.39.48 Adynamicandmotivationalillustrationemphasizingtheideaoflimitlessfitnessopportunitiesinvariouslocations.Theimageshowsdiverseindividu","video":null},"custom":{"caption":null,"altText":null,"video":null}},"disabled":false,"crops":{"default":{"name":"default","x":0,"y":0,"width":650,"height":350}}}]},"browsers":[],"blocks":[]}]}}],"repeaters":[]}');
INSERT INTO page_revisions VALUES(14,3,1,'2025-05-26 17:43:43','2025-05-26 17:43:43','{"title":{"en":"Our Team"},"slug":{"en":"our-team"},"meta_title":{"en":null},"meta_description":{"en":null},"cmsSaveType":"update","published":true,"public":false,"publish_start_date":null,"publish_end_date":null,"languages":[{"shortlabel":"EN","label":"English","value":"en","disabled":false,"published":true}],"parent_id":1,"medias":[],"browsers":[],"blocks":[{"id":11,"type":"a17-block-common-cardblock","is_repeater":false,"editor_name":"default","content":{"type":"profile","heading":"Meet Our Team"},"medias":[],"browsers":[],"blocks":{"cards":[{"id":12,"type":"dynamic-repeater-cards","is_repeater":true,"editor_name":"default","content":{"heading":"Brianne Jackson","details":"Master"},"medias":{"image":[{"id":5,"name":"brianne .jpeg","thumbnail":"http:\/\/localhost:8000\/img\/220fd826-c22b-4d70-948b-06355b8059d1\/brianne.jpeg?fm=jpg&q=60&fit=max&dpr=1&h=256","original":"http:\/\/localhost:8000\/img\/220fd826-c22b-4d70-948b-06355b8059d1\/brianne.jpeg","medium":"http:\/\/localhost:8000\/img\/220fd826-c22b-4d70-948b-06355b8059d1\/brianne.jpeg?fm=jpg&q=80&fit=max&h=430","width":400,"height":300,"tags":[],"deleteUrl":null,"updateUrl":"http:\/\/localhost:8000\/admin\/media-library\/medias\/single-update","updateBulkUrl":"http:\/\/localhost:8000\/admin\/media-library\/medias\/bulk-update","deleteBulkUrl":"http:\/\/localhost:8000\/admin\/media-library\/medias\/bulk-delete","metadatas":{"default":{"caption":null,"altText":"Brianne","video":null},"custom":{"caption":null,"altText":null,"video":null}},"disabled":false,"crops":{"default":{"name":"default","x":0,"y":0,"width":400,"height":300}}}]},"browsers":[],"blocks":[]},{"id":1748281388778,"type":"dynamic-repeater-cards","is_repeater":true,"content":{"heading":"Juliet Ruiz","details":"Instructor"},"medias":{"image":[{"id":6,"name":"Juliet.jpeg","thumbnail":"http:\/\/localhost:8000\/img\/feedb3b2-0624-473d-890c-9cb23736e765\/juliet.jpeg?fm=jpg&q=60&fit=max&dpr=1&h=256","original":"http:\/\/localhost:8000\/img\/feedb3b2-0624-473d-890c-9cb23736e765\/juliet.jpeg","medium":"http:\/\/localhost:8000\/img\/feedb3b2-0624-473d-890c-9cb23736e765\/juliet.jpeg?fm=jpg&q=80&fit=max&h=430","width":400,"height":300,"tags":[],"deleteUrl":null,"updateUrl":"http:\/\/localhost:8000\/admin\/media-library\/medias\/single-update","updateBulkUrl":"http:\/\/localhost:8000\/admin\/media-library\/medias\/bulk-update","deleteBulkUrl":"http:\/\/localhost:8000\/admin\/media-library\/medias\/bulk-delete","metadatas":{"default":{"caption":null,"altText":"Juliet","video":null},"custom":{"caption":null,"altText":null,"video":null}},"disabled":false,"crops":{"default":{"name":"default","x":0,"y":0,"width":400,"height":300}}}]},"browsers":[],"blocks":[]},{"id":1748281405045,"type":"dynamic-repeater-cards","is_repeater":true,"content":{"heading":"Kelly Tyger","details":"Instructor"},"medias":{"image":[{"id":7,"name":"Kelly.jpeg","thumbnail":"http:\/\/localhost:8000\/img\/59855814-b068-4406-a670-45c8c5ab4349\/kelly.jpeg?fm=jpg&q=60&fit=max&dpr=1&h=256","original":"http:\/\/localhost:8000\/img\/59855814-b068-4406-a670-45c8c5ab4349\/kelly.jpeg","medium":"http:\/\/localhost:8000\/img\/59855814-b068-4406-a670-45c8c5ab4349\/kelly.jpeg?fm=jpg&q=80&fit=max&h=430","width":400,"height":300,"tags":[],"deleteUrl":null,"updateUrl":"http:\/\/localhost:8000\/admin\/media-library\/medias\/single-update","updateBulkUrl":"http:\/\/localhost:8000\/admin\/media-library\/medias\/bulk-update","deleteBulkUrl":"http:\/\/localhost:8000\/admin\/media-library\/medias\/bulk-delete","metadatas":{"default":{"caption":null,"altText":"Kelly","video":null},"custom":{"caption":null,"altText":null,"video":null}},"disabled":false,"crops":{"default":{"name":"default","x":0,"y":0,"width":400,"height":300}}}]},"browsers":[],"blocks":[]}]}}],"repeaters":[]}');
CREATE TABLE IF NOT EXISTS "programs" ("id" integer primary key autoincrement not null, "deleted_at" datetime, "created_at" datetime, "updated_at" datetime, "published" tinyint(1) not null default '0', "title" varchar, "_lft" integer not null default '0', "_rgt" integer not null default '0', "parent_id" integer, "position" integer, "meta_title" varchar, "meta_description" varchar, tagline  STRING(255) NULL);
INSERT INTO programs VALUES(1,NULL,'2025-05-26 19:44:33','2025-06-06 23:22:27',1,'Taekwondo',1,4,NULL,0,'Taekwondo No Limits Martial Arts and Fitness',NULL,'The Korean Art of Self Defense');
INSERT INTO programs VALUES(2,NULL,'2025-05-29 08:03:22','2025-05-29 23:53:13',1,'Belts',2,3,1,0,'Taekwondo Belts',NULL,NULL);
CREATE TABLE IF NOT EXISTS "program_slugs" ("id" integer primary key autoincrement not null, "program_id" integer not null, "deleted_at" datetime, "created_at" datetime, "updated_at" datetime, "slug" varchar not null, "locale" varchar not null, "active" tinyint(1) not null, foreign key("program_id") references "programs"("id") on delete CASCADE on update NO ACTION);
INSERT INTO program_slugs VALUES(1,1,NULL,'2025-05-26 19:44:33','2025-06-06 23:22:27','taekwondo','en',1);
INSERT INTO program_slugs VALUES(2,2,NULL,'2025-05-29 08:03:22','2025-05-29 23:53:13','belts','en',1);
CREATE TABLE IF NOT EXISTS "program_revisions" ("id" integer primary key autoincrement not null, "program_id" integer not null, "user_id" integer, "created_at" datetime, "updated_at" datetime, "payload" text not null, foreign key("program_id") references "programs"("id") on delete cascade, foreign key("user_id") references "twill_users"("id") on delete set null);
INSERT INTO program_revisions VALUES(1,1,1,'2025-05-26 19:44:33','2025-05-26 19:44:33','{"slug":{"en":"taekwondo"},"title":"Taekwondo","languages":[{"shortlabel":"EN","label":"English","value":"en","disabled":false,"published":true}]}');
INSERT INTO program_revisions VALUES(2,1,1,'2025-05-26 19:44:42','2025-05-26 19:44:42','{"title":"Taekwondo","slug":{"en":"taekwondo"},"cmsSaveType":"publish","published":true,"public":false,"publish_start_date":null,"publish_end_date":null,"languages":[{"shortlabel":"EN","label":"English","value":"en","disabled":false,"published":true}],"parent_id":0,"medias":[],"browsers":[],"blocks":[],"repeaters":[]}');
INSERT INTO program_revisions VALUES(3,1,1,'2025-05-26 21:46:49','2025-05-26 21:46:49','{"title":"Taekwondo","slug":{"en":"taekwondo"},"tagline":"The Korean Art of Self Defense","cmsSaveType":"update","published":true,"public":false,"publish_start_date":null,"publish_end_date":null,"languages":[{"shortlabel":"EN","label":"English","value":"en","disabled":false,"published":true}],"parent_id":0,"medias":{"image":[{"id":9,"name":"Gemini_Generated_Image_buhgj7buhgj7buhg.png","thumbnail":"http:\/\/localhost:8000\/img\/d54526f6-cb40-4447-ad4f-3b61ac6fa99f\/gemini-generated-image-buhgj7buhgj7buhg.png?fm=jpg&q=60&fit=max&dpr=1&h=256","original":"http:\/\/localhost:8000\/img\/d54526f6-cb40-4447-ad4f-3b61ac6fa99f\/gemini-generated-image-buhgj7buhgj7buhg.png","medium":"http:\/\/localhost:8000\/img\/d54526f6-cb40-4447-ad4f-3b61ac6fa99f\/gemini-generated-image-buhgj7buhgj7buhg.png?fm=jpg&q=80&fit=max&h=430","width":"1024","height":"1024","tags":[],"deleteUrl":"http:\/\/localhost:8000\/admin\/media-library\/medias\/9","updateUrl":"http:\/\/localhost:8000\/admin\/media-library\/medias\/single-update","updateBulkUrl":"http:\/\/localhost:8000\/admin\/media-library\/medias\/bulk-update","deleteBulkUrl":"http:\/\/localhost:8000\/admin\/media-library\/medias\/bulk-delete","metadatas":{"default":{"caption":null,"altText":"Gemini Generated Image buhgj7buhgj7buhg","video":null},"custom":{"caption":null,"altText":null,"video":null}},"disabled":false,"crops":[]}]},"browsers":[],"blocks":[],"repeaters":[]}');
INSERT INTO program_revisions VALUES(4,1,1,'2025-05-27 00:46:06','2025-05-27 00:46:06','{"title":"Taekwondo","slug":{"en":"taekwondo"},"tagline":"The Korean Art of Self Defense","cmsSaveType":"update","published":true,"public":false,"publish_start_date":null,"publish_end_date":null,"languages":[{"shortlabel":"EN","label":"English","value":"en","disabled":false,"published":true}],"parent_id":0,"medias":{"image":[{"id":9,"name":"Gemini_Generated_Image_buhgj7buhgj7buhg.png","thumbnail":"http:\/\/localhost:8000\/img\/d54526f6-cb40-4447-ad4f-3b61ac6fa99f\/gemini-generated-image-buhgj7buhgj7buhg.png?fm=jpg&q=60&fit=max&dpr=1&h=256","original":"http:\/\/localhost:8000\/img\/d54526f6-cb40-4447-ad4f-3b61ac6fa99f\/gemini-generated-image-buhgj7buhgj7buhg.png","medium":"http:\/\/localhost:8000\/img\/d54526f6-cb40-4447-ad4f-3b61ac6fa99f\/gemini-generated-image-buhgj7buhgj7buhg.png?fm=jpg&q=80&fit=max&h=430","width":1024,"height":1024,"tags":[],"deleteUrl":null,"updateUrl":"http:\/\/localhost:8000\/admin\/media-library\/medias\/single-update","updateBulkUrl":"http:\/\/localhost:8000\/admin\/media-library\/medias\/bulk-update","deleteBulkUrl":"http:\/\/localhost:8000\/admin\/media-library\/medias\/bulk-delete","metadatas":{"default":{"caption":null,"altText":"Gemini Generated Image buhgj7buhgj7buhg","video":null},"custom":{"caption":null,"altText":null,"video":null}},"pivot_id":23,"crops":{"default":{"pivot_id":23,"name":"default","width":null,"height":null,"x":null,"y":null}}}]},"browsers":[],"blocks":[],"repeaters":[]}');
INSERT INTO program_revisions VALUES(5,1,1,'2025-05-27 02:35:59','2025-05-27 02:35:59','{"title":"Taekwondo","slug":{"en":"taekwondo"},"tagline":"The Korean Art of Self Defense","cmsSaveType":"update","published":true,"public":false,"publish_start_date":null,"publish_end_date":null,"languages":[{"shortlabel":"EN","label":"English","value":"en","disabled":false,"published":true}],"parent_id":0,"medias":[],"browsers":[],"blocks":[{"id":1748313351172,"type":"a17-block-image","is_repeater":false,"editor_name":"default","content":[],"medias":{"image":[{"id":9,"name":"Gemini_Generated_Image_buhgj7buhgj7buhg.png","thumbnail":"http:\/\/localhost:8000\/img\/d54526f6-cb40-4447-ad4f-3b61ac6fa99f\/gemini-generated-image-buhgj7buhgj7buhg.png?fm=jpg&q=60&fit=max&dpr=1&h=256","original":"http:\/\/localhost:8000\/img\/d54526f6-cb40-4447-ad4f-3b61ac6fa99f\/gemini-generated-image-buhgj7buhgj7buhg.png","medium":"http:\/\/localhost:8000\/img\/d54526f6-cb40-4447-ad4f-3b61ac6fa99f\/gemini-generated-image-buhgj7buhgj7buhg.png?fm=jpg&q=80&fit=max&h=430","width":1024,"height":1024,"tags":[],"deleteUrl":null,"updateUrl":"http:\/\/localhost:8000\/admin\/media-library\/medias\/single-update","updateBulkUrl":"http:\/\/localhost:8000\/admin\/media-library\/medias\/bulk-update","deleteBulkUrl":"http:\/\/localhost:8000\/admin\/media-library\/medias\/bulk-delete","metadatas":{"default":{"caption":null,"altText":"Gemini Generated Image buhgj7buhgj7buhg","video":null},"custom":{"caption":null,"altText":null,"video":null}},"disabled":false,"crops":{"default":{"name":"default","x":0,"y":0,"width":1024,"height":1024}}}]},"browsers":[],"blocks":[]}],"repeaters":[]}');
INSERT INTO program_revisions VALUES(6,2,1,'2025-05-29 08:03:22','2025-05-29 08:03:22','{"slug":{"en":"belts"},"title":"Belts","published":true,"languages":[{"shortlabel":"EN","label":"English","value":"en","disabled":false,"published":true}]}');
INSERT INTO program_revisions VALUES(7,2,1,'2025-05-29 23:53:13','2025-05-29 23:53:13','{"title":"Belts","slug":{"en":"belts"},"meta_title":"Taekwondo Belts","cmsSaveType":"update","published":true,"public":false,"publish_start_date":null,"publish_end_date":null,"languages":[{"shortlabel":"EN","label":"English","value":"en","disabled":false,"published":true}],"parent_id":1,"medias":[],"browsers":[],"blocks":[{"id":1748562740968,"type":"a17-block-common-cardblock","is_repeater":false,"editor_name":"default","content":{"heading":"Beginner Belts","type":"profile"},"medias":[],"browsers":[],"blocks":{"cards":[{"id":1748562787273,"type":"dynamic-repeater-cards","is_repeater":true,"content":{"heading":"White Belt"},"medias":[],"browsers":[],"blocks":[]}]}}],"repeaters":[]}');
INSERT INTO program_revisions VALUES(8,1,1,'2025-05-30 06:14:10','2025-05-30 06:14:10','{"title":"Taekwondo","slug":{"en":"taekwondo"},"tagline":"The Korean Art of Self Defense","cmsSaveType":"update","published":true,"public":false,"publish_start_date":null,"publish_end_date":null,"languages":[{"shortlabel":"EN","label":"English","value":"en","disabled":false,"published":true}],"parent_id":0,"medias":[],"browsers":[],"blocks":[{"id":21,"type":"a17-block-image","is_repeater":false,"editor_name":"default","content":[],"medias":{"image":[{"id":9,"name":"Gemini_Generated_Image_buhgj7buhgj7buhg.png","thumbnail":"http:\/\/localhost:8000\/img\/d54526f6-cb40-4447-ad4f-3b61ac6fa99f\/gemini-generated-image-buhgj7buhgj7buhg.png?fm=jpg&q=60&fit=max&dpr=1&h=256","original":"http:\/\/localhost:8000\/img\/d54526f6-cb40-4447-ad4f-3b61ac6fa99f\/gemini-generated-image-buhgj7buhgj7buhg.png","medium":"http:\/\/localhost:8000\/img\/d54526f6-cb40-4447-ad4f-3b61ac6fa99f\/gemini-generated-image-buhgj7buhgj7buhg.png?fm=jpg&q=80&fit=max&h=430","width":1024,"height":1024,"tags":[],"deleteUrl":null,"updateUrl":"http:\/\/localhost:8000\/admin\/media-library\/medias\/single-update","updateBulkUrl":"http:\/\/localhost:8000\/admin\/media-library\/medias\/bulk-update","deleteBulkUrl":"http:\/\/localhost:8000\/admin\/media-library\/medias\/bulk-delete","metadatas":{"default":{"caption":null,"altText":"Gemini Generated Image buhgj7buhgj7buhg","video":null},"custom":{"caption":null,"altText":null,"video":null}},"pivot_id":24,"crops":{"default":{"pivot_id":24,"name":"default","width":1024,"height":1024,"x":0,"y":0}}}]},"browsers":[],"blocks":[]},{"id":1748585561314,"type":"a17-block-common-bento","is_repeater":false,"editor_name":"default","content":[],"medias":[],"browsers":[],"blocks":{"bento_items":[{"id":1748585563274,"type":"dynamic-repeater-bento_items","is_repeater":true,"content":{"size":null,"title":"Taekwondo","content":"<p>The Koreaan Art of Self Defense<\/p>"},"medias":{"image":[{"id":9,"name":"Gemini_Generated_Image_buhgj7buhgj7buhg.png","thumbnail":"http:\/\/localhost:8000\/img\/d54526f6-cb40-4447-ad4f-3b61ac6fa99f\/gemini-generated-image-buhgj7buhgj7buhg.png?fm=jpg&q=60&fit=max&dpr=1&h=256","original":"http:\/\/localhost:8000\/img\/d54526f6-cb40-4447-ad4f-3b61ac6fa99f\/gemini-generated-image-buhgj7buhgj7buhg.png","medium":"http:\/\/localhost:8000\/img\/d54526f6-cb40-4447-ad4f-3b61ac6fa99f\/gemini-generated-image-buhgj7buhgj7buhg.png?fm=jpg&q=80&fit=max&h=430","width":1024,"height":1024,"tags":[],"deleteUrl":null,"updateUrl":"http:\/\/localhost:8000\/admin\/media-library\/medias\/single-update","updateBulkUrl":"http:\/\/localhost:8000\/admin\/media-library\/medias\/bulk-update","deleteBulkUrl":"http:\/\/localhost:8000\/admin\/media-library\/medias\/bulk-delete","metadatas":{"default":{"caption":null,"altText":"Gemini Generated Image buhgj7buhgj7buhg","video":null},"custom":{"caption":null,"altText":null,"video":null}},"disabled":false,"crops":{"default":{"name":"default","x":0,"y":0,"width":1024,"height":1024}}}]},"browsers":[],"blocks":[]},{"id":1748585595565,"type":"dynamic-repeater-bento_items","is_repeater":true,"content":{"size":null,"title":"School Motto","content":"<p>YOLO<\/p>"},"medias":[],"browsers":[],"blocks":[]},{"id":1748585615136,"type":"dynamic-repeater-bento_items","is_repeater":true,"content":{"size":null,"title":"School Oath","content":"<p>Lorem ipsum dolor sit amet, consectetur adipiscing elit, sed do eiusmod tempor incididunt ut labore et dolore magna aliqua. Ut enim ad minim veniam, quis nostrud exercitation ullamco laboris nisi ut aliquip ex ea commodo consequat. Duis aute irure dolor in reprehenderit in voluptate velit esse cillum dolore eu fugiat nulla pariatur. Excepteur sint occaecat cupidatat non proident, sunt in culpa qui officia deserunt mollit anim id est laborum.<\/p>"},"medias":[],"browsers":[],"blocks":[]}]}}],"repeaters":[]}');
INSERT INTO program_revisions VALUES(9,1,1,'2025-05-30 06:14:40','2025-05-30 06:14:40','{"title":"Taekwondo","slug":{"en":"taekwondo"},"tagline":"The Korean Art of Self Defense","meta_description":null,"meta_title":"Taekwondo No Limits Martial Arts and Fitness","cmsSaveType":"update","published":true,"public":false,"publish_start_date":null,"publish_end_date":null,"languages":[{"shortlabel":"EN","label":"English","value":"en","disabled":false,"published":true}],"parent_id":0,"medias":[],"browsers":[],"blocks":[{"id":21,"type":"a17-block-image","is_repeater":false,"editor_name":"default","content":[],"medias":{"image":[{"id":9,"name":"Gemini_Generated_Image_buhgj7buhgj7buhg.png","thumbnail":"http:\/\/localhost:8000\/img\/d54526f6-cb40-4447-ad4f-3b61ac6fa99f\/gemini-generated-image-buhgj7buhgj7buhg.png?fm=jpg&q=60&fit=max&dpr=1&h=256","original":"http:\/\/localhost:8000\/img\/d54526f6-cb40-4447-ad4f-3b61ac6fa99f\/gemini-generated-image-buhgj7buhgj7buhg.png","medium":"http:\/\/localhost:8000\/img\/d54526f6-cb40-4447-ad4f-3b61ac6fa99f\/gemini-generated-image-buhgj7buhgj7buhg.png?fm=jpg&q=80&fit=max&h=430","width":1024,"height":1024,"tags":[],"deleteUrl":null,"updateUrl":"http:\/\/localhost:8000\/admin\/media-library\/medias\/single-update","updateBulkUrl":"http:\/\/localhost:8000\/admin\/media-library\/medias\/bulk-update","deleteBulkUrl":"http:\/\/localhost:8000\/admin\/media-library\/medias\/bulk-delete","metadatas":{"default":{"caption":null,"altText":"Gemini Generated Image buhgj7buhgj7buhg","video":null},"custom":{"caption":null,"altText":null,"video":null}},"pivot_id":24,"crops":{"default":{"pivot_id":24,"name":"default","width":1024,"height":1024,"x":0,"y":0}}}]},"browsers":[],"blocks":[]},{"id":1748585561314,"type":"a17-block-common-bento","is_repeater":false,"editor_name":"default","content":[],"medias":[],"browsers":[],"blocks":{"bento_items":[{"id":1748585563274,"type":"dynamic-repeater-bento_items","is_repeater":true,"content":{"size":null,"title":"Taekwondo","content":"<p>The Koreaan Art of Self Defense<\/p>"},"medias":{"image":[{"id":9,"name":"Gemini_Generated_Image_buhgj7buhgj7buhg.png","thumbnail":"http:\/\/localhost:8000\/img\/d54526f6-cb40-4447-ad4f-3b61ac6fa99f\/gemini-generated-image-buhgj7buhgj7buhg.png?fm=jpg&q=60&fit=max&dpr=1&h=256","original":"http:\/\/localhost:8000\/img\/d54526f6-cb40-4447-ad4f-3b61ac6fa99f\/gemini-generated-image-buhgj7buhgj7buhg.png","medium":"http:\/\/localhost:8000\/img\/d54526f6-cb40-4447-ad4f-3b61ac6fa99f\/gemini-generated-image-buhgj7buhgj7buhg.png?fm=jpg&q=80&fit=max&h=430","width":1024,"height":1024,"tags":[],"deleteUrl":null,"updateUrl":"http:\/\/localhost:8000\/admin\/media-library\/medias\/single-update","updateBulkUrl":"http:\/\/localhost:8000\/admin\/media-library\/medias\/bulk-update","deleteBulkUrl":"http:\/\/localhost:8000\/admin\/media-library\/medias\/bulk-delete","metadatas":{"default":{"caption":null,"altText":"Gemini Generated Image buhgj7buhgj7buhg","video":null},"custom":{"caption":null,"altText":null,"video":null}},"disabled":false,"crops":{"default":{"name":"default","x":0,"y":0,"width":1024,"height":1024}}}]},"browsers":[],"blocks":[]},{"id":1748585595565,"type":"dynamic-repeater-bento_items","is_repeater":true,"content":{"size":null,"title":"School Motto","content":"<p>YOLO<\/p>"},"medias":[],"browsers":[],"blocks":[]},{"id":1748585615136,"type":"dynamic-repeater-bento_items","is_repeater":true,"content":{"size":null,"title":"School Oath","content":"<p>Lorem ipsum dolor sit amet, consectetur adipiscing elit, sed do eiusmod tempor incididunt ut labore et dolore magna aliqua. Ut enim ad minim veniam, quis nostrud exercitation ullamco laboris nisi ut aliquip ex ea commodo consequat. Duis aute irure dolor in reprehenderit in voluptate velit esse cillum dolore eu fugiat nulla pariatur. Excepteur sint occaecat cupidatat non proident, sunt in culpa qui officia deserunt mollit anim id est laborum.<\/p>"},"medias":[],"browsers":[],"blocks":[]}]}}],"repeaters":[]}');
INSERT INTO program_revisions VALUES(10,1,1,'2025-05-30 07:46:54','2025-05-30 07:46:54','{"title":"Taekwondo","slug":{"en":"taekwondo"},"tagline":"The Korean Art of Self Defense","meta_description":null,"meta_title":"Taekwondo No Limits Martial Arts and Fitness","cmsSaveType":"update","published":true,"public":false,"publish_start_date":null,"publish_end_date":null,"languages":[{"shortlabel":"EN","label":"English","value":"en","disabled":false,"published":true}],"parent_id":0,"medias":[],"browsers":[],"blocks":[{"id":21,"type":"a17-block-image","is_repeater":false,"editor_name":"default","content":[],"medias":{"image":[{"id":9,"name":"Gemini_Generated_Image_buhgj7buhgj7buhg.png","thumbnail":"http:\/\/localhost:8000\/img\/d54526f6-cb40-4447-ad4f-3b61ac6fa99f\/gemini-generated-image-buhgj7buhgj7buhg.png?fm=jpg&q=60&fit=max&dpr=1&h=256","original":"http:\/\/localhost:8000\/img\/d54526f6-cb40-4447-ad4f-3b61ac6fa99f\/gemini-generated-image-buhgj7buhgj7buhg.png","medium":"http:\/\/localhost:8000\/img\/d54526f6-cb40-4447-ad4f-3b61ac6fa99f\/gemini-generated-image-buhgj7buhgj7buhg.png?fm=jpg&q=80&fit=max&h=430","width":1024,"height":1024,"tags":[],"deleteUrl":null,"updateUrl":"http:\/\/localhost:8000\/admin\/media-library\/medias\/single-update","updateBulkUrl":"http:\/\/localhost:8000\/admin\/media-library\/medias\/bulk-update","deleteBulkUrl":"http:\/\/localhost:8000\/admin\/media-library\/medias\/bulk-delete","metadatas":{"default":{"caption":null,"altText":"Gemini Generated Image buhgj7buhgj7buhg","video":null},"custom":{"caption":null,"altText":null,"video":null}},"pivot_id":24,"crops":{"default":{"pivot_id":24,"name":"default","width":1024,"height":1024,"x":0,"y":0}}}]},"browsers":[],"blocks":[]},{"id":1748585561314,"type":"a17-block-common-bento","is_repeater":false,"editor_name":"default","content":[],"medias":[],"browsers":[],"blocks":{"bento_items":[{"id":1748585563274,"type":"dynamic-repeater-bento_items","is_repeater":true,"content":{"title":"Taekwondo","content":"<p>The Koreaan Art of Self Defense<\/p>","size":"medium"},"medias":{"image":[{"id":9,"name":"Gemini_Generated_Image_buhgj7buhgj7buhg.png","thumbnail":"http:\/\/localhost:8000\/img\/d54526f6-cb40-4447-ad4f-3b61ac6fa99f\/gemini-generated-image-buhgj7buhgj7buhg.png?fm=jpg&q=60&fit=max&dpr=1&h=256","original":"http:\/\/localhost:8000\/img\/d54526f6-cb40-4447-ad4f-3b61ac6fa99f\/gemini-generated-image-buhgj7buhgj7buhg.png","medium":"http:\/\/localhost:8000\/img\/d54526f6-cb40-4447-ad4f-3b61ac6fa99f\/gemini-generated-image-buhgj7buhgj7buhg.png?fm=jpg&q=80&fit=max&h=430","width":1024,"height":1024,"tags":[],"deleteUrl":null,"updateUrl":"http:\/\/localhost:8000\/admin\/media-library\/medias\/single-update","updateBulkUrl":"http:\/\/localhost:8000\/admin\/media-library\/medias\/bulk-update","deleteBulkUrl":"http:\/\/localhost:8000\/admin\/media-library\/medias\/bulk-delete","metadatas":{"default":{"caption":null,"altText":"Gemini Generated Image buhgj7buhgj7buhg","video":null},"custom":{"caption":null,"altText":null,"video":null}},"disabled":false,"crops":{"default":{"name":"default","x":0,"y":0,"width":1024,"height":1024}}}]},"browsers":[],"blocks":[]},{"id":1748585595565,"type":"dynamic-repeater-bento_items","is_repeater":true,"content":{"title":"School Motto","content":"<p>YOLO<\/p>","size":"small"},"medias":[],"browsers":[],"blocks":[]},{"id":1748585615136,"type":"dynamic-repeater-bento_items","is_repeater":true,"content":{"title":"School Oath","content":"<p>Lorem ipsum dolor sit amet, consectetur adipiscing elit, sed do eiusmod tempor incididunt ut labore et dolore magna aliqua. Ut enim ad minim veniam, quis nostrud exercitation ullamco laboris nisi ut aliquip ex ea commodo consequat. Duis aute irure dolor in reprehenderit in voluptate velit esse cillum dolore eu fugiat nulla pariatur. Excepteur sint occaecat cupidatat non proident, sunt in culpa qui officia deserunt mollit anim id est laborum.<\/p>","size":"small"},"medias":[],"browsers":[],"blocks":[]}]}}],"repeaters":[]}');
INSERT INTO program_revisions VALUES(11,1,1,'2025-06-01 10:40:41','2025-06-01 10:40:41','{"title":"Taekwondo","slug":{"en":"taekwondo"},"meta_title":"Taekwondo No Limits Martial Arts and Fitness","tagline":"The Korean Art of Self Defense","cmsSaveType":"update","published":true,"public":false,"publish_start_date":null,"publish_end_date":null,"languages":[{"shortlabel":"EN","label":"English","value":"en","disabled":false,"published":true}],"parent_id":0,"medias":[],"browsers":[],"blocks":[{"id":21,"type":"a17-block-image","is_repeater":false,"editor_name":"default","content":[],"medias":{"image":[{"id":9,"name":"Gemini_Generated_Image_buhgj7buhgj7buhg.png","thumbnail":"http:\/\/localhost:8000\/img\/d54526f6-cb40-4447-ad4f-3b61ac6fa99f\/gemini-generated-image-buhgj7buhgj7buhg.png?fm=jpg&q=60&fit=max&dpr=1&h=256","original":"http:\/\/localhost:8000\/img\/d54526f6-cb40-4447-ad4f-3b61ac6fa99f\/gemini-generated-image-buhgj7buhgj7buhg.png","medium":"http:\/\/localhost:8000\/img\/d54526f6-cb40-4447-ad4f-3b61ac6fa99f\/gemini-generated-image-buhgj7buhgj7buhg.png?fm=jpg&q=80&fit=max&h=430","width":1024,"height":1024,"tags":[],"deleteUrl":null,"updateUrl":"http:\/\/localhost:8000\/admin\/media-library\/medias\/single-update","updateBulkUrl":"http:\/\/localhost:8000\/admin\/media-library\/medias\/bulk-update","deleteBulkUrl":"http:\/\/localhost:8000\/admin\/media-library\/medias\/bulk-delete","metadatas":{"default":{"caption":null,"altText":"Gemini Generated Image buhgj7buhgj7buhg","video":null},"custom":{"caption":null,"altText":null,"video":null}},"pivot_id":24,"crops":{"default":{"pivot_id":24,"name":"default","width":1024,"height":1024,"x":0,"y":0}}}]},"browsers":[],"blocks":[]},{"id":25,"type":"a17-block-common-bento","is_repeater":false,"editor_name":"default","content":[],"medias":[],"browsers":[],"blocks":{"bento_items":[{"id":26,"type":"dynamic-repeater-bento_items","is_repeater":true,"editor_name":"default","content":{"title":"Taekwondo","content":"<p>The Koreaan Art of Self Defense<\/p>","size":"medium"},"medias":{"image":[{"id":9,"name":"Gemini_Generated_Image_buhgj7buhgj7buhg.png","thumbnail":"http:\/\/localhost:8000\/img\/d54526f6-cb40-4447-ad4f-3b61ac6fa99f\/gemini-generated-image-buhgj7buhgj7buhg.png?fm=jpg&q=60&fit=max&dpr=1&h=256","original":"http:\/\/localhost:8000\/img\/d54526f6-cb40-4447-ad4f-3b61ac6fa99f\/gemini-generated-image-buhgj7buhgj7buhg.png","medium":"http:\/\/localhost:8000\/img\/d54526f6-cb40-4447-ad4f-3b61ac6fa99f\/gemini-generated-image-buhgj7buhgj7buhg.png?fm=jpg&q=80&fit=max&h=430","width":1024,"height":1024,"tags":[],"deleteUrl":null,"updateUrl":"http:\/\/localhost:8000\/admin\/media-library\/medias\/single-update","updateBulkUrl":"http:\/\/localhost:8000\/admin\/media-library\/medias\/bulk-update","deleteBulkUrl":"http:\/\/localhost:8000\/admin\/media-library\/medias\/bulk-delete","metadatas":{"default":{"caption":null,"altText":"Gemini Generated Image buhgj7buhgj7buhg","video":null},"custom":{"caption":null,"altText":null,"video":null}},"pivot_id":29,"crops":{"default":{"pivot_id":29,"name":"default","width":1024,"height":1024,"x":0,"y":0}}}]},"browsers":[],"blocks":[]},{"id":27,"type":"dynamic-repeater-bento_items","is_repeater":true,"editor_name":"default","content":{"title":"School Motto","content":"<p>YOLO<\/p>","size":"small"},"medias":[],"browsers":[],"blocks":[]},{"id":28,"type":"dynamic-repeater-bento_items","is_repeater":true,"editor_name":"default","content":{"title":"School Oath","content":"<p>Lorem ipsum dolor sit amet, consectetur adipiscing elit, sed do eiusmod tempor incididunt ut labore et dolore magna aliqua. Ut enim ad minim veniam, quis nostrud exercitation ullamco laboris nisi ut aliquip ex ea commodo consequat. Duis aute irure dolor in reprehenderit in voluptate velit esse cillum dolore eu fugiat nulla pariatur. Excepteur sint occaecat cupidatat non proident, sunt in culpa qui officia deserunt mollit anim id est laborum.<\/p>","size":"small"},"medias":[],"browsers":[],"blocks":[]}]}},{"id":1748774423473,"type":"a17-block-common-hero","is_repeater":false,"editor_name":"default","content":{"variant":"text","heading":"Taekwondo","subheading":"The Korean Art of Self Defense"},"medias":[],"browsers":[],"blocks":[]}],"repeaters":[]}');
INSERT INTO program_revisions VALUES(12,1,1,'2025-06-01 11:01:35','2025-06-01 11:01:35','{"title":"Taekwondo","slug":{"en":"taekwondo"},"meta_title":"Taekwondo No Limits Martial Arts and Fitness","tagline":"The Korean Art of Self Defense","cmsSaveType":"update","published":true,"public":false,"publish_start_date":null,"publish_end_date":null,"languages":[{"shortlabel":"EN","label":"English","value":"en","disabled":false,"published":true}],"parent_id":0,"medias":[],"browsers":[],"blocks":[{"id":21,"type":"a17-block-image","is_repeater":false,"editor_name":"default","content":[],"medias":{"image":[{"id":9,"name":"Gemini_Generated_Image_buhgj7buhgj7buhg.png","thumbnail":"http:\/\/localhost:8000\/img\/d54526f6-cb40-4447-ad4f-3b61ac6fa99f\/gemini-generated-image-buhgj7buhgj7buhg.png?fm=jpg&q=60&fit=max&dpr=1&h=256","original":"http:\/\/localhost:8000\/img\/d54526f6-cb40-4447-ad4f-3b61ac6fa99f\/gemini-generated-image-buhgj7buhgj7buhg.png","medium":"http:\/\/localhost:8000\/img\/d54526f6-cb40-4447-ad4f-3b61ac6fa99f\/gemini-generated-image-buhgj7buhgj7buhg.png?fm=jpg&q=80&fit=max&h=430","width":1024,"height":1024,"tags":[],"deleteUrl":null,"updateUrl":"http:\/\/localhost:8000\/admin\/media-library\/medias\/single-update","updateBulkUrl":"http:\/\/localhost:8000\/admin\/media-library\/medias\/bulk-update","deleteBulkUrl":"http:\/\/localhost:8000\/admin\/media-library\/medias\/bulk-delete","metadatas":{"default":{"caption":null,"altText":"Gemini Generated Image buhgj7buhgj7buhg","video":null},"custom":{"caption":null,"altText":null,"video":null}},"pivot_id":24,"crops":{"default":{"pivot_id":24,"name":"default","width":1024,"height":1024,"x":0,"y":0}}}]},"browsers":[],"blocks":[]},{"id":25,"type":"a17-block-common-bento","is_repeater":false,"editor_name":"default","content":[],"medias":[],"browsers":[],"blocks":{"bento_items":[]}},{"id":1748774423473,"type":"a17-block-common-hero","is_repeater":false,"editor_name":"default","content":{"variant":"text","heading":"Taekwondo","subheading":"The Korean Art of Self Defense"},"medias":[],"browsers":[],"blocks":[]}],"repeaters":[]}');
INSERT INTO program_revisions VALUES(13,1,1,'2025-06-01 11:24:18','2025-06-01 11:24:18','{"title":"Taekwondo","slug":{"en":"taekwondo"},"meta_title":"Taekwondo No Limits Martial Arts and Fitness","tagline":"The Korean Art of Self Defense","cmsSaveType":"update","published":true,"public":false,"publish_start_date":null,"publish_end_date":null,"languages":[{"shortlabel":"EN","label":"English","value":"en","disabled":false,"published":true}],"parent_id":0,"medias":[],"browsers":[],"blocks":[{"id":21,"type":"a17-block-image","is_repeater":false,"editor_name":"default","content":[],"medias":{"image":[{"id":9,"name":"Gemini_Generated_Image_buhgj7buhgj7buhg.png","thumbnail":"http:\/\/localhost:8000\/img\/d54526f6-cb40-4447-ad4f-3b61ac6fa99f\/gemini-generated-image-buhgj7buhgj7buhg.png?fm=jpg&q=60&fit=max&dpr=1&h=256","original":"http:\/\/localhost:8000\/img\/d54526f6-cb40-4447-ad4f-3b61ac6fa99f\/gemini-generated-image-buhgj7buhgj7buhg.png","medium":"http:\/\/localhost:8000\/img\/d54526f6-cb40-4447-ad4f-3b61ac6fa99f\/gemini-generated-image-buhgj7buhgj7buhg.png?fm=jpg&q=80&fit=max&h=430","width":1024,"height":1024,"tags":[],"deleteUrl":null,"updateUrl":"http:\/\/localhost:8000\/admin\/media-library\/medias\/single-update","updateBulkUrl":"http:\/\/localhost:8000\/admin\/media-library\/medias\/bulk-update","deleteBulkUrl":"http:\/\/localhost:8000\/admin\/media-library\/medias\/bulk-delete","metadatas":{"default":{"caption":null,"altText":"Gemini Generated Image buhgj7buhgj7buhg","video":null},"custom":{"caption":null,"altText":null,"video":null}},"pivot_id":24,"crops":{"default":{"pivot_id":24,"name":"default","width":1024,"height":1024,"x":0,"y":0}}}]},"browsers":[],"blocks":[]},{"id":25,"type":"a17-block-common-bento","is_repeater":false,"editor_name":"default","content":[],"medias":[],"browsers":[],"blocks":{"bento_items":[]}},{"id":1748774423473,"type":"a17-block-common-hero","is_repeater":false,"editor_name":"default","content":{"variant":"text","heading":"Taekwondo","subheading":"The Korean Art of Self Defense"},"medias":[],"browsers":[],"blocks":[]},{"id":1748777039157,"type":"a17-block-image","is_repeater":false,"editor_name":"default","content":[],"medias":{"image":[{"id":10,"name":"Gemini_Generated_Image_fyqm3ffyqm3ffyqm.png","thumbnail":"http:\/\/localhost:8000\/img\/9a668084-d11a-4cb7-9ee6-150ce7cde92d\/gemini-generated-image-fyqm3ffyqm3ffyqm.png?fm=jpg&q=60&fit=max&dpr=1&h=256","original":"http:\/\/localhost:8000\/img\/9a668084-d11a-4cb7-9ee6-150ce7cde92d\/gemini-generated-image-fyqm3ffyqm3ffyqm.png","medium":"http:\/\/localhost:8000\/img\/9a668084-d11a-4cb7-9ee6-150ce7cde92d\/gemini-generated-image-fyqm3ffyqm3ffyqm.png?fm=jpg&q=80&fit=max&h=430","width":"1024","height":"642","tags":[],"deleteUrl":"http:\/\/localhost:8000\/admin\/media-library\/medias\/10","updateUrl":"http:\/\/localhost:8000\/admin\/media-library\/medias\/single-update","updateBulkUrl":"http:\/\/localhost:8000\/admin\/media-library\/medias\/bulk-update","deleteBulkUrl":"http:\/\/localhost:8000\/admin\/media-library\/medias\/bulk-delete","metadatas":{"default":{"caption":null,"altText":"Gemini Generated Image fyqm3ffyqm3ffyqm","video":null},"custom":{"caption":null,"altText":null,"video":null}},"disabled":false,"crops":{"default":{"name":"default","x":0,"y":0,"width":1024,"height":642}}}]},"browsers":[],"blocks":[]}],"repeaters":[]}');
INSERT INTO program_revisions VALUES(14,1,1,'2025-06-02 00:52:23','2025-06-02 00:52:23','{"title":"Taekwondo","slug":{"en":"taekwondo"},"meta_title":"Taekwondo No Limits Martial Arts and Fitness","tagline":"The Korean Art of Self Defense","cmsSaveType":"update","published":true,"public":false,"publish_start_date":null,"publish_end_date":null,"languages":[{"shortlabel":"EN","label":"English","value":"en","disabled":false,"published":true}],"parent_id":0,"medias":[],"browsers":[],"blocks":[{"id":29,"type":"a17-block-common-hero","is_repeater":false,"editor_name":"default","content":{"variant":"text","heading":"Taekwondo","subheading":"The Korean Art of Self Defense"},"medias":{"image":[{"id":10,"name":"Gemini_Generated_Image_fyqm3ffyqm3ffyqm.png","thumbnail":"http:\/\/localhost:8000\/img\/9a668084-d11a-4cb7-9ee6-150ce7cde92d\/gemini-generated-image-fyqm3ffyqm3ffyqm.png?fm=jpg&q=60&fit=max&dpr=1&h=256","original":"http:\/\/localhost:8000\/img\/9a668084-d11a-4cb7-9ee6-150ce7cde92d\/gemini-generated-image-fyqm3ffyqm3ffyqm.png","medium":"http:\/\/localhost:8000\/img\/9a668084-d11a-4cb7-9ee6-150ce7cde92d\/gemini-generated-image-fyqm3ffyqm3ffyqm.png?fm=jpg&q=80&fit=max&h=430","width":1024,"height":642,"tags":[],"deleteUrl":null,"updateUrl":"http:\/\/localhost:8000\/admin\/media-library\/medias\/single-update","updateBulkUrl":"http:\/\/localhost:8000\/admin\/media-library\/medias\/bulk-update","deleteBulkUrl":"http:\/\/localhost:8000\/admin\/media-library\/medias\/bulk-delete","metadatas":{"default":{"caption":null,"altText":"Gemini Generated Image fyqm3ffyqm3ffyqm","video":null},"custom":{"caption":null,"altText":null,"video":null}},"disabled":false,"crops":{"default":{"name":"default","x":0,"y":0,"width":1024,"height":642}}}]},"browsers":[],"blocks":[]}],"repeaters":[]}');
INSERT INTO program_revisions VALUES(15,1,1,'2025-06-02 00:52:41','2025-06-02 00:52:41','{"title":"Taekwondo","slug":{"en":"taekwondo"},"meta_title":"Taekwondo No Limits Martial Arts and Fitness","tagline":"The Korean Art of Self Defense","cmsSaveType":"update","published":true,"public":false,"publish_start_date":null,"publish_end_date":null,"languages":[{"shortlabel":"EN","label":"English","value":"en","disabled":false,"published":true}],"parent_id":0,"medias":{"image":[{"id":9,"name":"Gemini_Generated_Image_buhgj7buhgj7buhg.png","thumbnail":"http:\/\/localhost:8000\/img\/d54526f6-cb40-4447-ad4f-3b61ac6fa99f\/gemini-generated-image-buhgj7buhgj7buhg.png?fm=jpg&q=60&fit=max&dpr=1&h=256","original":"http:\/\/localhost:8000\/img\/d54526f6-cb40-4447-ad4f-3b61ac6fa99f\/gemini-generated-image-buhgj7buhgj7buhg.png","medium":"http:\/\/localhost:8000\/img\/d54526f6-cb40-4447-ad4f-3b61ac6fa99f\/gemini-generated-image-buhgj7buhgj7buhg.png?fm=jpg&q=80&fit=max&h=430","width":1024,"height":1024,"tags":[],"deleteUrl":null,"updateUrl":"http:\/\/localhost:8000\/admin\/media-library\/medias\/single-update","updateBulkUrl":"http:\/\/localhost:8000\/admin\/media-library\/medias\/bulk-update","deleteBulkUrl":"http:\/\/localhost:8000\/admin\/media-library\/medias\/bulk-delete","metadatas":{"default":{"caption":null,"altText":"Gemini Generated Image buhgj7buhgj7buhg","video":null},"custom":{"caption":null,"altText":null,"video":null}},"disabled":false,"crops":{"default":{"name":"default","x":0,"y":0,"width":1024,"height":1024}}}]},"browsers":[],"blocks":[{"id":29,"type":"a17-block-common-hero","is_repeater":false,"editor_name":"default","content":{"variant":"text","heading":"Taekwondo","subheading":"The Korean Art of Self Defense"},"medias":{"image":[{"id":10,"name":"Gemini_Generated_Image_fyqm3ffyqm3ffyqm.png","thumbnail":"http:\/\/localhost:8000\/img\/9a668084-d11a-4cb7-9ee6-150ce7cde92d\/gemini-generated-image-fyqm3ffyqm3ffyqm.png?fm=jpg&q=60&fit=max&dpr=1&h=256","original":"http:\/\/localhost:8000\/img\/9a668084-d11a-4cb7-9ee6-150ce7cde92d\/gemini-generated-image-fyqm3ffyqm3ffyqm.png","medium":"http:\/\/localhost:8000\/img\/9a668084-d11a-4cb7-9ee6-150ce7cde92d\/gemini-generated-image-fyqm3ffyqm3ffyqm.png?fm=jpg&q=80&fit=max&h=430","width":1024,"height":642,"tags":[],"deleteUrl":null,"updateUrl":"http:\/\/localhost:8000\/admin\/media-library\/medias\/single-update","updateBulkUrl":"http:\/\/localhost:8000\/admin\/media-library\/medias\/bulk-update","deleteBulkUrl":"http:\/\/localhost:8000\/admin\/media-library\/medias\/bulk-delete","metadatas":{"default":{"caption":null,"altText":"Gemini Generated Image fyqm3ffyqm3ffyqm","video":null},"custom":{"caption":null,"altText":null,"video":null}},"disabled":false,"crops":{"default":{"name":"default","x":0,"y":0,"width":1024,"height":642}}}]},"browsers":[],"blocks":[]}],"repeaters":[]}');
INSERT INTO program_revisions VALUES(16,1,1,'2025-06-02 01:02:01','2025-06-02 01:02:01','{"title":"Taekwondo","slug":{"en":"taekwondo"},"meta_title":"Taekwondo No Limits Martial Arts and Fitness","tagline":"The Korean Art of Self Defense","cmsSaveType":"update","published":true,"public":false,"publish_start_date":null,"publish_end_date":null,"languages":[{"shortlabel":"EN","label":"English","value":"en","disabled":false,"published":true}],"parent_id":0,"medias":{"image":[{"id":9,"name":"Gemini_Generated_Image_buhgj7buhgj7buhg.png","thumbnail":"http:\/\/localhost:8000\/img\/d54526f6-cb40-4447-ad4f-3b61ac6fa99f\/gemini-generated-image-buhgj7buhgj7buhg.png?fm=jpg&q=60&fit=max&dpr=1&h=256","original":"http:\/\/localhost:8000\/img\/d54526f6-cb40-4447-ad4f-3b61ac6fa99f\/gemini-generated-image-buhgj7buhgj7buhg.png","medium":"http:\/\/localhost:8000\/img\/d54526f6-cb40-4447-ad4f-3b61ac6fa99f\/gemini-generated-image-buhgj7buhgj7buhg.png?fm=jpg&q=80&fit=max&h=430","width":1024,"height":1024,"tags":[],"deleteUrl":null,"updateUrl":"http:\/\/localhost:8000\/admin\/media-library\/medias\/single-update","updateBulkUrl":"http:\/\/localhost:8000\/admin\/media-library\/medias\/bulk-update","deleteBulkUrl":"http:\/\/localhost:8000\/admin\/media-library\/medias\/bulk-delete","metadatas":{"default":{"caption":null,"altText":"Gemini Generated Image buhgj7buhgj7buhg","video":null},"custom":{"caption":null,"altText":null,"video":null}},"pivot_id":34,"crops":{"default":{"pivot_id":34,"name":"default","width":1024,"height":1024,"x":0,"y":0}}}]},"browsers":[],"blocks":[{"id":29,"type":"a17-block-common-hero","is_repeater":false,"editor_name":"default","content":{"variant":"text","heading":"Taekwondo","subheading":"The Korean Art of Self Defense"},"medias":{"image":[{"id":10,"name":"Gemini_Generated_Image_fyqm3ffyqm3ffyqm.png","thumbnail":"http:\/\/localhost:8000\/img\/9a668084-d11a-4cb7-9ee6-150ce7cde92d\/gemini-generated-image-fyqm3ffyqm3ffyqm.png?fm=jpg&q=60&fit=max&dpr=1&h=256","original":"http:\/\/localhost:8000\/img\/9a668084-d11a-4cb7-9ee6-150ce7cde92d\/gemini-generated-image-fyqm3ffyqm3ffyqm.png","medium":"http:\/\/localhost:8000\/img\/9a668084-d11a-4cb7-9ee6-150ce7cde92d\/gemini-generated-image-fyqm3ffyqm3ffyqm.png?fm=jpg&q=80&fit=max&h=430","width":1024,"height":642,"tags":[],"deleteUrl":null,"updateUrl":"http:\/\/localhost:8000\/admin\/media-library\/medias\/single-update","updateBulkUrl":"http:\/\/localhost:8000\/admin\/media-library\/medias\/bulk-update","deleteBulkUrl":"http:\/\/localhost:8000\/admin\/media-library\/medias\/bulk-delete","metadatas":{"default":{"caption":null,"altText":"Gemini Generated Image fyqm3ffyqm3ffyqm","video":null},"custom":{"caption":null,"altText":null,"video":null}},"disabled":false,"crops":{"default":{"name":"default","x":0,"y":0,"width":1024,"height":433}}}]},"browsers":[],"blocks":[]}],"repeaters":[]}');
INSERT INTO program_revisions VALUES(17,1,1,'2025-06-02 01:06:24','2025-06-02 01:06:24','{"title":"Taekwondo","slug":{"en":"taekwondo"},"meta_title":"Taekwondo No Limits Martial Arts and Fitness","tagline":"The Korean Art of Self Defense","cmsSaveType":"update","published":true,"public":false,"publish_start_date":null,"publish_end_date":null,"languages":[{"shortlabel":"EN","label":"English","value":"en","disabled":false,"published":true}],"parent_id":0,"medias":{"image":[{"id":9,"name":"Gemini_Generated_Image_buhgj7buhgj7buhg.png","thumbnail":"http:\/\/localhost:8000\/img\/d54526f6-cb40-4447-ad4f-3b61ac6fa99f\/gemini-generated-image-buhgj7buhgj7buhg.png?fm=jpg&q=60&fit=max&dpr=1&h=256","original":"http:\/\/localhost:8000\/img\/d54526f6-cb40-4447-ad4f-3b61ac6fa99f\/gemini-generated-image-buhgj7buhgj7buhg.png","medium":"http:\/\/localhost:8000\/img\/d54526f6-cb40-4447-ad4f-3b61ac6fa99f\/gemini-generated-image-buhgj7buhgj7buhg.png?fm=jpg&q=80&fit=max&h=430","width":1024,"height":1024,"tags":[],"deleteUrl":null,"updateUrl":"http:\/\/localhost:8000\/admin\/media-library\/medias\/single-update","updateBulkUrl":"http:\/\/localhost:8000\/admin\/media-library\/medias\/bulk-update","deleteBulkUrl":"http:\/\/localhost:8000\/admin\/media-library\/medias\/bulk-delete","metadatas":{"default":{"caption":null,"altText":"Gemini Generated Image buhgj7buhgj7buhg","video":null},"custom":{"caption":null,"altText":null,"video":null}},"pivot_id":34,"crops":{"default":{"pivot_id":34,"name":"default","width":1024,"height":1024,"x":0,"y":0}}}]},"browsers":[],"blocks":[{"id":29,"type":"a17-block-common-hero","is_repeater":false,"editor_name":"default","content":{"variant":"text","heading":"Taekwondo","subheading":"The Korean Art of Self Defense"},"medias":{"image":[{"id":10,"name":"Gemini_Generated_Image_fyqm3ffyqm3ffyqm.png","thumbnail":"http:\/\/localhost:8000\/img\/9a668084-d11a-4cb7-9ee6-150ce7cde92d\/gemini-generated-image-fyqm3ffyqm3ffyqm.png?fm=jpg&q=60&fit=max&dpr=1&h=256","original":"http:\/\/localhost:8000\/img\/9a668084-d11a-4cb7-9ee6-150ce7cde92d\/gemini-generated-image-fyqm3ffyqm3ffyqm.png","medium":"http:\/\/localhost:8000\/img\/9a668084-d11a-4cb7-9ee6-150ce7cde92d\/gemini-generated-image-fyqm3ffyqm3ffyqm.png?fm=jpg&q=80&fit=max&h=430","width":1024,"height":642,"tags":[],"deleteUrl":null,"updateUrl":"http:\/\/localhost:8000\/admin\/media-library\/medias\/single-update","updateBulkUrl":"http:\/\/localhost:8000\/admin\/media-library\/medias\/bulk-update","deleteBulkUrl":"http:\/\/localhost:8000\/admin\/media-library\/medias\/bulk-delete","metadatas":{"default":{"caption":null,"altText":"Gemini Generated Image fyqm3ffyqm3ffyqm","video":null},"custom":{"caption":null,"altText":null,"video":null}},"disabled":false,"crops":{"default":{"name":"default","x":0,"y":0,"width":1024,"height":378}}}]},"browsers":[],"blocks":[]}],"repeaters":[]}');
INSERT INTO program_revisions VALUES(18,1,1,'2025-06-02 01:11:32','2025-06-02 01:11:32','{"title":"Taekwondo","slug":{"en":"taekwondo"},"meta_title":"Taekwondo No Limits Martial Arts and Fitness","tagline":"The Korean Art of Self Defense","cmsSaveType":"update","published":true,"public":false,"publish_start_date":null,"publish_end_date":null,"languages":[{"shortlabel":"EN","label":"English","value":"en","disabled":false,"published":true}],"parent_id":0,"medias":{"image":[{"id":9,"name":"Gemini_Generated_Image_buhgj7buhgj7buhg.png","thumbnail":"http:\/\/localhost:8000\/img\/d54526f6-cb40-4447-ad4f-3b61ac6fa99f\/gemini-generated-image-buhgj7buhgj7buhg.png?fm=jpg&q=60&fit=max&dpr=1&h=256","original":"http:\/\/localhost:8000\/img\/d54526f6-cb40-4447-ad4f-3b61ac6fa99f\/gemini-generated-image-buhgj7buhgj7buhg.png","medium":"http:\/\/localhost:8000\/img\/d54526f6-cb40-4447-ad4f-3b61ac6fa99f\/gemini-generated-image-buhgj7buhgj7buhg.png?fm=jpg&q=80&fit=max&h=430","width":1024,"height":1024,"tags":[],"deleteUrl":null,"updateUrl":"http:\/\/localhost:8000\/admin\/media-library\/medias\/single-update","updateBulkUrl":"http:\/\/localhost:8000\/admin\/media-library\/medias\/bulk-update","deleteBulkUrl":"http:\/\/localhost:8000\/admin\/media-library\/medias\/bulk-delete","metadatas":{"default":{"caption":null,"altText":"Gemini Generated Image buhgj7buhgj7buhg","video":null},"custom":{"caption":null,"altText":null,"video":null}},"pivot_id":34,"crops":{"default":{"pivot_id":34,"name":"default","width":1024,"height":1024,"x":0,"y":0}}}]},"browsers":[],"blocks":[{"id":29,"type":"a17-block-common-hero","is_repeater":false,"editor_name":"default","content":{"variant":"text","heading":"Taekwondo","subheading":"The Korean Art of Self Defense"},"medias":{"image":[{"id":12,"name":"ChatGPT Image Jun 1, 2025 at 07_57_28 AM.jpeg","thumbnail":"http:\/\/localhost:8000\/img\/f7dcc65a-645d-4e8a-8bd0-5cfe26a625ab\/chatgpt-image-jun-1-2025-at-07-57-28-am.jpeg?fm=jpg&q=60&fit=max&dpr=1&h=256","original":"http:\/\/localhost:8000\/img\/f7dcc65a-645d-4e8a-8bd0-5cfe26a625ab\/chatgpt-image-jun-1-2025-at-07-57-28-am.jpeg","medium":"http:\/\/localhost:8000\/img\/f7dcc65a-645d-4e8a-8bd0-5cfe26a625ab\/chatgpt-image-jun-1-2025-at-07-57-28-am.jpeg?fm=jpg&q=80&fit=max&h=430","width":"1024","height":"1024","tags":[],"deleteUrl":"http:\/\/localhost:8000\/admin\/media-library\/medias\/12","updateUrl":"http:\/\/localhost:8000\/admin\/media-library\/medias\/single-update","updateBulkUrl":"http:\/\/localhost:8000\/admin\/media-library\/medias\/bulk-update","deleteBulkUrl":"http:\/\/localhost:8000\/admin\/media-library\/medias\/bulk-delete","metadatas":{"default":{"caption":null,"altText":"ChatGPT Image Jun 1, 2025 at 07 57 28 AM","video":null},"custom":{"caption":null,"altText":null,"video":null}},"disabled":false,"crops":{"default":{"name":"default","x":0,"y":0,"width":1024,"height":679}}}]},"browsers":[],"blocks":[]}],"repeaters":[]}');
INSERT INTO program_revisions VALUES(19,1,1,'2025-06-02 01:12:10','2025-06-02 01:12:10','{"title":"Taekwondo","slug":{"en":"taekwondo"},"meta_title":"Taekwondo No Limits Martial Arts and Fitness","tagline":"The Korean Art of Self Defense","cmsSaveType":"update","published":true,"public":false,"publish_start_date":null,"publish_end_date":null,"languages":[{"shortlabel":"EN","label":"English","value":"en","disabled":false,"published":true}],"parent_id":0,"medias":{"image":[{"id":9,"name":"Gemini_Generated_Image_buhgj7buhgj7buhg.png","thumbnail":"http:\/\/localhost:8000\/img\/d54526f6-cb40-4447-ad4f-3b61ac6fa99f\/gemini-generated-image-buhgj7buhgj7buhg.png?fm=jpg&q=60&fit=max&dpr=1&h=256","original":"http:\/\/localhost:8000\/img\/d54526f6-cb40-4447-ad4f-3b61ac6fa99f\/gemini-generated-image-buhgj7buhgj7buhg.png","medium":"http:\/\/localhost:8000\/img\/d54526f6-cb40-4447-ad4f-3b61ac6fa99f\/gemini-generated-image-buhgj7buhgj7buhg.png?fm=jpg&q=80&fit=max&h=430","width":1024,"height":1024,"tags":[],"deleteUrl":null,"updateUrl":"http:\/\/localhost:8000\/admin\/media-library\/medias\/single-update","updateBulkUrl":"http:\/\/localhost:8000\/admin\/media-library\/medias\/bulk-update","deleteBulkUrl":"http:\/\/localhost:8000\/admin\/media-library\/medias\/bulk-delete","metadatas":{"default":{"caption":null,"altText":"Gemini Generated Image buhgj7buhgj7buhg","video":null},"custom":{"caption":null,"altText":null,"video":null}},"pivot_id":34,"crops":{"default":{"pivot_id":34,"name":"default","width":1024,"height":1024,"x":0,"y":0}}}]},"browsers":[],"blocks":[{"id":29,"type":"a17-block-common-hero","is_repeater":false,"editor_name":"default","content":{"variant":"text","heading":"Taekwondo","subheading":"The Korean Art of Self Defense"},"medias":{"image":[{"id":12,"name":"ChatGPT Image Jun 1, 2025 at 07_57_28 AM.jpeg","thumbnail":"http:\/\/localhost:8000\/img\/f7dcc65a-645d-4e8a-8bd0-5cfe26a625ab\/chatgpt-image-jun-1-2025-at-07-57-28-am.jpeg?fm=jpg&q=60&fit=max&dpr=1&h=256","original":"http:\/\/localhost:8000\/img\/f7dcc65a-645d-4e8a-8bd0-5cfe26a625ab\/chatgpt-image-jun-1-2025-at-07-57-28-am.jpeg","medium":"http:\/\/localhost:8000\/img\/f7dcc65a-645d-4e8a-8bd0-5cfe26a625ab\/chatgpt-image-jun-1-2025-at-07-57-28-am.jpeg?fm=jpg&q=80&fit=max&h=430","width":"1024","height":"1024","tags":[],"deleteUrl":"http:\/\/localhost:8000\/admin\/media-library\/medias\/12","updateUrl":"http:\/\/localhost:8000\/admin\/media-library\/medias\/single-update","updateBulkUrl":"http:\/\/localhost:8000\/admin\/media-library\/medias\/bulk-update","deleteBulkUrl":"http:\/\/localhost:8000\/admin\/media-library\/medias\/bulk-delete","metadatas":{"default":{"caption":null,"altText":"ChatGPT Image Jun 1, 2025 at 07 57 28 AM","video":null},"custom":{"caption":null,"altText":null,"video":null}},"disabled":false,"crops":{"default":{"name":"default","x":0,"y":0,"width":1024,"height":650}}}]},"browsers":[],"blocks":[]}],"repeaters":[]}');
INSERT INTO program_revisions VALUES(20,1,1,'2025-06-02 01:24:01','2025-06-02 01:24:01','{"title":"Taekwondo","slug":{"en":"taekwondo"},"meta_title":"Taekwondo No Limits Martial Arts and Fitness","tagline":"The Korean Art of Self Defense","cmsSaveType":"update","published":true,"public":false,"publish_start_date":null,"publish_end_date":null,"languages":[{"shortlabel":"EN","label":"English","value":"en","disabled":false,"published":true}],"parent_id":0,"medias":{"image":[{"id":9,"name":"Gemini_Generated_Image_buhgj7buhgj7buhg.png","thumbnail":"http:\/\/localhost:8000\/img\/d54526f6-cb40-4447-ad4f-3b61ac6fa99f\/gemini-generated-image-buhgj7buhgj7buhg.png?fm=jpg&q=60&fit=max&dpr=1&h=256","original":"http:\/\/localhost:8000\/img\/d54526f6-cb40-4447-ad4f-3b61ac6fa99f\/gemini-generated-image-buhgj7buhgj7buhg.png","medium":"http:\/\/localhost:8000\/img\/d54526f6-cb40-4447-ad4f-3b61ac6fa99f\/gemini-generated-image-buhgj7buhgj7buhg.png?fm=jpg&q=80&fit=max&h=430","width":1024,"height":1024,"tags":[],"deleteUrl":null,"updateUrl":"http:\/\/localhost:8000\/admin\/media-library\/medias\/single-update","updateBulkUrl":"http:\/\/localhost:8000\/admin\/media-library\/medias\/bulk-update","deleteBulkUrl":"http:\/\/localhost:8000\/admin\/media-library\/medias\/bulk-delete","metadatas":{"default":{"caption":null,"altText":"Gemini Generated Image buhgj7buhgj7buhg","video":null},"custom":{"caption":null,"altText":null,"video":null}},"pivot_id":34,"crops":{"default":{"pivot_id":34,"name":"default","width":1024,"height":1024,"x":0,"y":0}}}]},"browsers":[],"blocks":[{"id":29,"type":"a17-block-common-hero","is_repeater":false,"editor_name":"default","content":{"variant":"text","heading":"Taekwondo","subheading":"The Korean Art of Self Defense"},"medias":{"image":[{"id":12,"name":"ChatGPT Image Jun 1, 2025 at 07_57_28 AM.jpeg","thumbnail":"http:\/\/localhost:8000\/img\/f7dcc65a-645d-4e8a-8bd0-5cfe26a625ab\/chatgpt-image-jun-1-2025-at-07-57-28-am.jpeg?fm=jpg&q=60&fit=max&dpr=1&h=256","original":"http:\/\/localhost:8000\/img\/f7dcc65a-645d-4e8a-8bd0-5cfe26a625ab\/chatgpt-image-jun-1-2025-at-07-57-28-am.jpeg","medium":"http:\/\/localhost:8000\/img\/f7dcc65a-645d-4e8a-8bd0-5cfe26a625ab\/chatgpt-image-jun-1-2025-at-07-57-28-am.jpeg?fm=jpg&q=80&fit=max&h=430","width":1024,"height":1024,"tags":[],"deleteUrl":null,"updateUrl":"http:\/\/localhost:8000\/admin\/media-library\/medias\/single-update","updateBulkUrl":"http:\/\/localhost:8000\/admin\/media-library\/medias\/bulk-update","deleteBulkUrl":"http:\/\/localhost:8000\/admin\/media-library\/medias\/bulk-delete","metadatas":{"default":{"caption":null,"altText":"ChatGPT Image Jun 1, 2025 at 07 57 28 AM","video":null},"custom":{"caption":null,"altText":null,"video":null}},"pivot_id":39,"crops":{"default":{"name":"default","x":5,"y":0,"width":1019,"height":636}}}]},"browsers":[],"blocks":[]}],"repeaters":[]}');
INSERT INTO program_revisions VALUES(21,1,1,'2025-06-02 02:01:00','2025-06-02 02:01:00','{"title":"Taekwondo","slug":{"en":"taekwondo"},"meta_title":"Taekwondo No Limits Martial Arts and Fitness","tagline":"The Korean Art of Self Defense","cmsSaveType":"update","published":true,"public":false,"publish_start_date":null,"publish_end_date":null,"languages":[{"shortlabel":"EN","label":"English","value":"en","disabled":false,"published":true}],"parent_id":0,"medias":{"image":[{"id":9,"name":"Gemini_Generated_Image_buhgj7buhgj7buhg.png","thumbnail":"http:\/\/localhost:8000\/img\/d54526f6-cb40-4447-ad4f-3b61ac6fa99f\/gemini-generated-image-buhgj7buhgj7buhg.png?fm=jpg&q=60&fit=max&dpr=1&h=256","original":"http:\/\/localhost:8000\/img\/d54526f6-cb40-4447-ad4f-3b61ac6fa99f\/gemini-generated-image-buhgj7buhgj7buhg.png","medium":"http:\/\/localhost:8000\/img\/d54526f6-cb40-4447-ad4f-3b61ac6fa99f\/gemini-generated-image-buhgj7buhgj7buhg.png?fm=jpg&q=80&fit=max&h=430","width":1024,"height":1024,"tags":[],"deleteUrl":null,"updateUrl":"http:\/\/localhost:8000\/admin\/media-library\/medias\/single-update","updateBulkUrl":"http:\/\/localhost:8000\/admin\/media-library\/medias\/bulk-update","deleteBulkUrl":"http:\/\/localhost:8000\/admin\/media-library\/medias\/bulk-delete","metadatas":{"default":{"caption":null,"altText":"Gemini Generated Image buhgj7buhgj7buhg","video":null},"custom":{"caption":null,"altText":null,"video":null}},"pivot_id":34,"crops":{"default":{"pivot_id":34,"name":"default","width":1024,"height":1024,"x":0,"y":0}}}]},"browsers":[],"blocks":[{"id":1748829581911,"type":"a17-block-app-feature","is_repeater":false,"editor_name":"default","content":{"heading":{"en":"Taekwondo"},"subheading":{"en":"The Korean Art of Self Defense"}},"medias":{"image":[{"id":12,"name":"ChatGPT Image Jun 1, 2025 at 07_57_28 AM.jpeg","thumbnail":"http:\/\/localhost:8000\/img\/f7dcc65a-645d-4e8a-8bd0-5cfe26a625ab\/chatgpt-image-jun-1-2025-at-07-57-28-am.jpeg?fm=jpg&q=60&fit=max&dpr=1&h=256","original":"http:\/\/localhost:8000\/img\/f7dcc65a-645d-4e8a-8bd0-5cfe26a625ab\/chatgpt-image-jun-1-2025-at-07-57-28-am.jpeg","medium":"http:\/\/localhost:8000\/img\/f7dcc65a-645d-4e8a-8bd0-5cfe26a625ab\/chatgpt-image-jun-1-2025-at-07-57-28-am.jpeg?fm=jpg&q=80&fit=max&h=430","width":1024,"height":1024,"tags":[],"deleteUrl":null,"updateUrl":"http:\/\/localhost:8000\/admin\/media-library\/medias\/single-update","updateBulkUrl":"http:\/\/localhost:8000\/admin\/media-library\/medias\/bulk-update","deleteBulkUrl":"http:\/\/localhost:8000\/admin\/media-library\/medias\/bulk-delete","metadatas":{"default":{"caption":null,"altText":"ChatGPT Image Jun 1, 2025 at 07 57 28 AM","video":null},"custom":{"caption":null,"altText":null,"video":null}},"disabled":false,"crops":{"default":{"name":"default","x":0,"y":119,"width":1024,"height":560}}}]},"browsers":[],"blocks":{"features":[{"id":1748829624737,"type":"dynamic-repeater-features","is_repeater":true,"content":{"heading":{"en":"School Motto"},"details":{"en":"hiwfhjoehgioawheoihoihgoiwhoihgoiarhoiaghroiahiorhaoirhbiorhoighoiarhiogarhoighioarhoighaiorhgoihriohgoirhgoiaehoigahohgiaohgoiarhioghiwhgoihhroairniahrioghaioreniorai"}},"medias":[],"browsers":[],"blocks":[]},{"id":1748829642519,"type":"dynamic-repeater-features","is_repeater":true,"content":{"heading":{"en":"School Oath"},"details":{"en":"jnorjgiorhoihriohaiorhnoigrhnioaiorhngiornhaiornoignraoingioargnaoirniongoirnoig4rnhoihnriohaorhiogrhoihgairhgiarhaohiogjaoijiorjangoirjnoaijoijraoiioarhgroihaiorhaiogrjaiojoirajgoijograav"}},"medias":[],"browsers":[],"blocks":[]}]}}],"repeaters":[]}');
INSERT INTO program_revisions VALUES(22,1,1,'2025-06-02 04:18:07','2025-06-02 04:18:07','{"title":"Taekwondo","slug":{"en":"taekwondo"},"meta_title":"Taekwondo No Limits Martial Arts and Fitness","tagline":"The Korean Art of Self Defense","cmsSaveType":"update","published":true,"public":false,"publish_start_date":null,"publish_end_date":null,"languages":[{"shortlabel":"EN","label":"English","value":"en","disabled":false,"published":true}],"parent_id":0,"medias":{"image":[{"id":9,"name":"Gemini_Generated_Image_buhgj7buhgj7buhg.png","thumbnail":"http:\/\/localhost:8000\/img\/d54526f6-cb40-4447-ad4f-3b61ac6fa99f\/gemini-generated-image-buhgj7buhgj7buhg.png?fm=jpg&q=60&fit=max&dpr=1&h=256","original":"http:\/\/localhost:8000\/img\/d54526f6-cb40-4447-ad4f-3b61ac6fa99f\/gemini-generated-image-buhgj7buhgj7buhg.png","medium":"http:\/\/localhost:8000\/img\/d54526f6-cb40-4447-ad4f-3b61ac6fa99f\/gemini-generated-image-buhgj7buhgj7buhg.png?fm=jpg&q=80&fit=max&h=430","width":1024,"height":1024,"tags":[],"deleteUrl":null,"updateUrl":"http:\/\/localhost:8000\/admin\/media-library\/medias\/single-update","updateBulkUrl":"http:\/\/localhost:8000\/admin\/media-library\/medias\/bulk-update","deleteBulkUrl":"http:\/\/localhost:8000\/admin\/media-library\/medias\/bulk-delete","metadatas":{"default":{"caption":null,"altText":"Gemini Generated Image buhgj7buhgj7buhg","video":null},"custom":{"caption":null,"altText":null,"video":null}},"pivot_id":34,"crops":{"default":{"pivot_id":34,"name":"default","width":1024,"height":1024,"x":0,"y":0}}}]},"browsers":[],"blocks":[{"id":1748837698393,"type":"a17-block-common-feature","is_repeater":false,"editor_name":"default","content":{"heading":{"en":"Taekwondo"},"subheading":{"en":"The Korean Art of Self Defense"}},"medias":{"image":[{"id":12,"name":"ChatGPT Image Jun 1, 2025 at 07_57_28 AM.jpeg","thumbnail":"http:\/\/localhost:8000\/img\/f7dcc65a-645d-4e8a-8bd0-5cfe26a625ab\/chatgpt-image-jun-1-2025-at-07-57-28-am.jpeg?fm=jpg&q=60&fit=max&dpr=1&h=256","original":"http:\/\/localhost:8000\/img\/f7dcc65a-645d-4e8a-8bd0-5cfe26a625ab\/chatgpt-image-jun-1-2025-at-07-57-28-am.jpeg","medium":"http:\/\/localhost:8000\/img\/f7dcc65a-645d-4e8a-8bd0-5cfe26a625ab\/chatgpt-image-jun-1-2025-at-07-57-28-am.jpeg?fm=jpg&q=80&fit=max&h=430","width":1024,"height":1024,"tags":[],"deleteUrl":null,"updateUrl":"http:\/\/localhost:8000\/admin\/media-library\/medias\/single-update","updateBulkUrl":"http:\/\/localhost:8000\/admin\/media-library\/medias\/bulk-update","deleteBulkUrl":"http:\/\/localhost:8000\/admin\/media-library\/medias\/bulk-delete","metadatas":{"default":{"caption":null,"altText":"ChatGPT Image Jun 1, 2025 at 07 57 28 AM","video":null},"custom":{"caption":null,"altText":null,"video":null}},"disabled":false,"crops":{"default":{"name":"default","x":0,"y":0,"width":1024,"height":1024}}}]},"browsers":[],"blocks":{"features":[{"id":1748837727196,"type":"dynamic-repeater-features","is_repeater":true,"content":{"heading":{"en":"School Motto"}},"medias":[],"browsers":[],"blocks":[]},{"id":1748837734571,"type":"dynamic-repeater-features","is_repeater":true,"content":{"heading":{"en":"School Oath"}},"medias":[],"browsers":[],"blocks":[]}],"button_bar":[{"id":1748837740701,"type":"dynamic-repeater-button_bar","is_repeater":true,"content":{"button_text":{"en":"Student Handbook"},"button_link":{"en":"\/taekwondo\/handbook"}},"medias":[],"browsers":[],"blocks":[]},{"id":1748837767631,"type":"dynamic-repeater-button_bar","is_repeater":true,"content":{"button_text":{"en":"Belt Status"},"button_link":{"en":"\/user\/taekwondo\/status"}},"medias":[],"browsers":[],"blocks":[]},{"id":1748837837545,"type":"dynamic-repeater-button_bar","is_repeater":true,"content":{"button_text":{"en":"Class Schedule"},"button_link":{"en":"\/taekwondo\/schedule"}},"medias":[],"browsers":[],"blocks":[]}]}}],"repeaters":[]}');
INSERT INTO program_revisions VALUES(23,1,1,'2025-06-04 05:20:45','2025-06-04 05:20:45','{"title":"Taekwondo","slug":{"en":"taekwondo"},"meta_title":"Taekwondo No Limits Martial Arts and Fitness","tagline":"The Korean Art of Self Defense","cmsSaveType":"update","published":true,"public":false,"publish_start_date":null,"publish_end_date":null,"languages":[{"shortlabel":"EN","label":"English","value":"en","disabled":false,"published":true}],"parent_id":0,"medias":{"image":[{"id":9,"name":"Gemini_Generated_Image_buhgj7buhgj7buhg.png","thumbnail":"http:\/\/localhost:8000\/img\/d54526f6-cb40-4447-ad4f-3b61ac6fa99f\/gemini-generated-image-buhgj7buhgj7buhg.png?fm=jpg&q=60&fit=max&dpr=1&h=256","original":"http:\/\/localhost:8000\/img\/d54526f6-cb40-4447-ad4f-3b61ac6fa99f\/gemini-generated-image-buhgj7buhgj7buhg.png","medium":"http:\/\/localhost:8000\/img\/d54526f6-cb40-4447-ad4f-3b61ac6fa99f\/gemini-generated-image-buhgj7buhgj7buhg.png?fm=jpg&q=80&fit=max&h=430","width":1024,"height":1024,"tags":[],"deleteUrl":null,"updateUrl":"http:\/\/localhost:8000\/admin\/media-library\/medias\/single-update","updateBulkUrl":"http:\/\/localhost:8000\/admin\/media-library\/medias\/bulk-update","deleteBulkUrl":"http:\/\/localhost:8000\/admin\/media-library\/medias\/bulk-delete","metadatas":{"default":{"caption":null,"altText":"Gemini Generated Image buhgj7buhgj7buhg","video":null},"custom":{"caption":null,"altText":null,"video":null}},"pivot_id":34,"crops":{"default":{"pivot_id":34,"name":"default","width":1024,"height":1024,"x":0,"y":0}}}]},"browsers":[],"blocks":[{"id":34,"type":"a17-block-common-feature","is_repeater":false,"editor_name":"default","content":{"heading":{"en":"Taekwondo"},"subheading":{"en":"The Korean Art of Self Defense"}},"medias":{"image":[{"id":12,"name":"ChatGPT Image Jun 1, 2025 at 07_57_28 AM.jpeg","thumbnail":"http:\/\/localhost:8000\/img\/f7dcc65a-645d-4e8a-8bd0-5cfe26a625ab\/chatgpt-image-jun-1-2025-at-07-57-28-am.jpeg?fm=jpg&q=60&fit=max&dpr=1&h=256","original":"http:\/\/localhost:8000\/img\/f7dcc65a-645d-4e8a-8bd0-5cfe26a625ab\/chatgpt-image-jun-1-2025-at-07-57-28-am.jpeg","medium":"http:\/\/localhost:8000\/img\/f7dcc65a-645d-4e8a-8bd0-5cfe26a625ab\/chatgpt-image-jun-1-2025-at-07-57-28-am.jpeg?fm=jpg&q=80&fit=max&h=430","width":1024,"height":1024,"tags":[],"deleteUrl":null,"updateUrl":"http:\/\/localhost:8000\/admin\/media-library\/medias\/single-update","updateBulkUrl":"http:\/\/localhost:8000\/admin\/media-library\/medias\/bulk-update","deleteBulkUrl":"http:\/\/localhost:8000\/admin\/media-library\/medias\/bulk-delete","metadatas":{"default":{"caption":null,"altText":"ChatGPT Image Jun 1, 2025 at 07 57 28 AM","video":null},"custom":{"caption":null,"altText":null,"video":null}},"pivot_id":42,"crops":{"default":{"pivot_id":42,"name":"default","width":1024,"height":1024,"x":0,"y":0}}}]},"browsers":[],"blocks":{"features":[{"id":35,"type":"dynamic-repeater-features","is_repeater":true,"editor_name":"default","content":{"heading":{"en":"School Motto"},"details":{"en":"Train with integrity, humility and heart."}},"medias":[],"browsers":[],"blocks":[]},{"id":36,"type":"dynamic-repeater-features","is_repeater":true,"editor_name":"default","content":{"heading":{"en":"School Oath"},"details":{"en":"I will come to each class with an open mind and loving spirit. I will honor martial arts tradition, unaffected by the expectations of others. I will set goals and work hard to achieve them. My only limitation is myself."}},"medias":[],"browsers":[],"blocks":[]}],"button_bar":[{"id":37,"type":"dynamic-repeater-button_bar","is_repeater":true,"editor_name":"default","content":{"button_text":{"en":"Student Handbook"},"button_link":{"en":"\/taekwondo\/handbook"}},"medias":[],"browsers":[],"blocks":[]},{"id":38,"type":"dynamic-repeater-button_bar","is_repeater":true,"editor_name":"default","content":{"button_text":{"en":"Belt Status"},"button_link":{"en":"\/user\/taekwondo\/status"}},"medias":[],"browsers":[],"blocks":[]},{"id":39,"type":"dynamic-repeater-button_bar","is_repeater":true,"editor_name":"default","content":{"button_text":{"en":"Class Schedule"},"button_link":{"en":"\/taekwondo\/schedule"}},"medias":[],"browsers":[],"blocks":[]}]}}],"repeaters":[]}');
INSERT INTO program_revisions VALUES(24,1,1,'2025-06-06 23:22:27','2025-06-06 23:22:27','{"title":"Taekwondo","slug":{"en":"taekwondo"},"meta_title":"Taekwondo No Limits Martial Arts and Fitness","tagline":"The Korean Art of Self Defense","cmsSaveType":"update","published":true,"public":false,"publish_start_date":null,"publish_end_date":null,"languages":[{"shortlabel":"EN","label":"English","value":"en","disabled":false,"published":true}],"parent_id":0,"medias":[],"browsers":[],"blocks":[{"id":34,"type":"a17-block-common-feature","is_repeater":false,"editor_name":"default","content":{"heading":{"en":"Taekwondo"},"subheading":{"en":"The Korean Art of Self Defense"}},"medias":{"image":[{"id":12,"name":"ChatGPT Image Jun 1, 2025 at 07_57_28 AM.jpeg","thumbnail":"http:\/\/localhost:8000\/img\/f7dcc65a-645d-4e8a-8bd0-5cfe26a625ab\/chatgpt-image-jun-1-2025-at-07-57-28-am.jpeg?fm=jpg&q=60&fit=max&dpr=1&h=256","original":"http:\/\/localhost:8000\/img\/f7dcc65a-645d-4e8a-8bd0-5cfe26a625ab\/chatgpt-image-jun-1-2025-at-07-57-28-am.jpeg","medium":"http:\/\/localhost:8000\/img\/f7dcc65a-645d-4e8a-8bd0-5cfe26a625ab\/chatgpt-image-jun-1-2025-at-07-57-28-am.jpeg?fm=jpg&q=80&fit=max&h=430","width":1024,"height":1024,"tags":[],"deleteUrl":null,"updateUrl":"http:\/\/localhost:8000\/admin\/media-library\/medias\/single-update","updateBulkUrl":"http:\/\/localhost:8000\/admin\/media-library\/medias\/bulk-update","deleteBulkUrl":"http:\/\/localhost:8000\/admin\/media-library\/medias\/bulk-delete","metadatas":{"default":{"caption":null,"altText":"ChatGPT Image Jun 1, 2025 at 07 57 28 AM","video":null},"custom":{"caption":null,"altText":null,"video":null}},"pivot_id":42,"crops":{"default":{"pivot_id":42,"name":"default","width":1024,"height":1024,"x":0,"y":0}}}]},"browsers":[],"blocks":{"features":[{"id":35,"type":"dynamic-repeater-features","is_repeater":true,"editor_name":"default","content":{"heading":{"en":"School Motto"},"details":{"en":"Train with integrity, humility and heart."}},"medias":[],"browsers":[],"blocks":[]},{"id":36,"type":"dynamic-repeater-features","is_repeater":true,"editor_name":"default","content":{"heading":{"en":"School Oath"},"details":{"en":"I will come to each class with an open mind and loving spirit. I will honor martial arts tradition, unaffected by the expectations of others. I will set goals and work hard to achieve them. My only limitation is myself."}},"medias":[],"browsers":[],"blocks":[]}],"button_bar":[{"id":37,"type":"dynamic-repeater-button_bar","is_repeater":true,"editor_name":"default","content":{"button_text":{"en":"Student Handbook"},"button_link":{"en":"\/taekwondo\/handbook"}},"medias":[],"browsers":[],"blocks":[]},{"id":38,"type":"dynamic-repeater-button_bar","is_repeater":true,"editor_name":"default","content":{"button_text":{"en":"Belt Status"},"button_link":{"en":"\/user\/taekwondo\/status"}},"medias":[],"browsers":[],"blocks":[]},{"id":39,"type":"dynamic-repeater-button_bar","is_repeater":true,"editor_name":"default","content":{"button_text":{"en":"Class Schedule"},"button_link":{"en":"\/taekwondo\/schedule"}},"medias":[],"browsers":[],"blocks":[]}]}},{"id":1749252134025,"type":"a17-block-common-image","is_repeater":false,"editor_name":"default","content":[],"medias":{"image":[{"id":9,"name":"Gemini_Generated_Image_buhgj7buhgj7buhg.png","thumbnail":"http:\/\/localhost:8000\/img\/d54526f6-cb40-4447-ad4f-3b61ac6fa99f\/gemini-generated-image-buhgj7buhgj7buhg.png?fm=jpg&q=60&fit=max&dpr=1&h=256","original":"http:\/\/localhost:8000\/img\/d54526f6-cb40-4447-ad4f-3b61ac6fa99f\/gemini-generated-image-buhgj7buhgj7buhg.png","medium":"http:\/\/localhost:8000\/img\/d54526f6-cb40-4447-ad4f-3b61ac6fa99f\/gemini-generated-image-buhgj7buhgj7buhg.png?fm=jpg&q=80&fit=max&h=430","width":1024,"height":1024,"tags":[],"deleteUrl":null,"updateUrl":"http:\/\/localhost:8000\/admin\/media-library\/medias\/single-update","updateBulkUrl":"http:\/\/localhost:8000\/admin\/media-library\/medias\/bulk-update","deleteBulkUrl":"http:\/\/localhost:8000\/admin\/media-library\/medias\/bulk-delete","metadatas":{"default":{"caption":null,"altText":"Gemini Generated Image buhgj7buhgj7buhg","video":null},"custom":{"caption":null,"altText":null,"video":null}},"disabled":false,"crops":{"default":{"name":"default","x":0,"y":0,"width":1024,"height":1024}}}]},"browsers":[],"blocks":[]}],"repeaters":[]}');
CREATE TABLE IF NOT EXISTS "news" ("id" integer primary key autoincrement not null, "deleted_at" datetime, "created_at" datetime, "updated_at" datetime, "published" tinyint(1) not null default '0', "title" varchar, "publish_start_date" datetime);
INSERT INTO news VALUES(1,NULL,'2025-05-29 01:07:08','2025-05-29 01:15:04',1,'Grand Opening','2025-05-28T16:00:00.000Z');
CREATE TABLE IF NOT EXISTS "news_slugs" ("id" integer primary key autoincrement not null, "news_id" integer not null, "deleted_at" datetime, "created_at" datetime, "updated_at" datetime, "slug" varchar not null, "locale" varchar not null, "active" tinyint(1) not null, foreign key("news_id") references "news"("id") on delete CASCADE on update NO ACTION);
INSERT INTO news_slugs VALUES(1,1,NULL,'2025-05-29 01:07:08','2025-05-29 01:15:04','grand-opening','en',1);
CREATE TABLE IF NOT EXISTS "sidemenus" ("id" integer primary key autoincrement not null, "deleted_at" datetime, "created_at" datetime, "updated_at" datetime, "published" tinyint(1) not null default '0', "_lft" integer not null default '0', "_rgt" integer not null default '0', "parent_id" integer, "title" varchar, "position" integer, "url" varchar, "has_submenu" tinyint(1) not null default '0', "submenu" text);
INSERT INTO sidemenus VALUES(1,NULL,'2025-05-29 06:49:17','2025-05-29 06:54:45',1,1,2,NULL,NULL,1,'/',0,NULL);
INSERT INTO sidemenus VALUES(2,'2025-05-29 06:54:39','2025-05-29 06:51:16','2025-05-29 06:54:39',1,3,4,NULL,NULL,2,'/',0,NULL);
INSERT INTO sidemenus VALUES(3,NULL,'2025-05-29 07:47:08','2025-06-05 02:40:06',1,5,6,NULL,NULL,2,'/user/profile',0,NULL);
CREATE TABLE IF NOT EXISTS "sidemenu_translations" ("id" integer primary key autoincrement not null, "sidemenu_id" integer not null, "deleted_at" datetime, "created_at" datetime, "updated_at" datetime, "locale" varchar not null, "active" tinyint(1) not null default '0', "title" varchar, "url" varchar, foreign key("sidemenu_id") references "sidemenus"("id") on delete CASCADE);
INSERT INTO sidemenu_translations VALUES(1,1,NULL,'2025-05-29 06:49:17','2025-05-29 06:54:45','en',1,'Home',NULL);
INSERT INTO sidemenu_translations VALUES(2,2,NULL,'2025-05-29 06:51:16','2025-05-29 06:51:20','en',1,'Home',NULL);
INSERT INTO sidemenu_translations VALUES(3,3,NULL,'2025-05-29 07:47:08','2025-06-05 02:40:06','en',1,'Profile',NULL);
CREATE TABLE IF NOT EXISTS "tkdmenus" ("id" integer primary key autoincrement not null, "deleted_at" datetime, "created_at" datetime, "updated_at" datetime, "published" tinyint(1) not null default '0', "_lft" integer not null default '0', "_rgt" integer not null default '0', "parent_id" integer, "title" varchar, "position" integer, "url" varchar, "has_submenu" tinyint(1) not null default '0', "submenu" text);
INSERT INTO tkdmenus VALUES(1,'2025-05-30 02:06:57','2025-05-30 02:05:39','2025-05-30 02:06:57',1,1,2,NULL,NULL,1,NULL,0,NULL);
INSERT INTO tkdmenus VALUES(2,NULL,'2025-05-30 02:06:11','2025-06-08 14:53:33',1,3,4,NULL,NULL,2,'/dashboard',0,NULL);
INSERT INTO tkdmenus VALUES(3,NULL,'2025-05-30 02:07:36','2025-05-30 02:08:01',1,5,6,NULL,NULL,3,'/programs/taekwondo/members/belts',0,NULL);
INSERT INTO tkdmenus VALUES(4,NULL,'2025-05-30 02:09:01','2025-05-30 02:09:26',1,7,8,NULL,NULL,4,'/programs/taekwondo/members/videos',0,NULL);
CREATE TABLE IF NOT EXISTS "tkdmenu_translations" ("id" integer primary key autoincrement not null, "tkdmenu_id" integer not null, "deleted_at" datetime, "created_at" datetime, "updated_at" datetime, "locale" varchar not null, "active" tinyint(1) not null default '0', "title" varchar, "url" varchar, foreign key("tkdmenu_id") references "tkdmenus"("id") on delete CASCADE);
INSERT INTO tkdmenu_translations VALUES(1,1,NULL,'2025-05-30 02:05:39','2025-05-30 02:05:39','en',1,'Dashboard',NULL);
INSERT INTO tkdmenu_translations VALUES(2,2,NULL,'2025-05-30 02:06:11','2025-06-08 14:53:33','en',1,'Dashboard',NULL);
INSERT INTO tkdmenu_translations VALUES(3,3,NULL,'2025-05-30 02:07:36','2025-05-30 02:08:01','en',1,'Belts',NULL);
INSERT INTO tkdmenu_translations VALUES(4,4,NULL,'2025-05-30 02:09:01','2025-05-30 02:09:26','en',1,'Videos',NULL);
CREATE TABLE IF NOT EXISTS "profiles" ("id" integer primary key autoincrement not null, "deleted_at" datetime, "created_at" datetime, "updated_at" datetime, "published" tinyint(1) not null default '0', "name" varchar, "bio" text, "is_admin" tinyint(1) not null default '0', "tkd_member" tinyint(1) not null default '0', "user_id" integer, "belt" varchar(255) NULL, foreign key("user_id") references "users"("id") on delete cascade on update cascade);
INSERT INTO profiles VALUES(1,NULL,'2025-06-07 04:46:59','2025-06-07 05:45:08',0,'Marcus Welby',NULL,0,1,25,'white');
INSERT INTO profiles VALUES(2,NULL,'2025-06-07 05:12:52','2025-06-07 05:12:52',0,'John Thomas',NULL,0,0,26,NULL);
INSERT INTO profiles VALUES(3,NULL,'2025-06-08 13:23:28','2025-06-08 14:41:55',0,'Fat Benny',NULL,0,1,27,'white');
CREATE TABLE IF NOT EXISTS "profile_slugs" ("id" integer primary key autoincrement not null, "profile_id" integer not null, "deleted_at" datetime, "created_at" datetime, "updated_at" datetime, "slug" varchar not null, "locale" varchar not null, "active" tinyint(1) not null, foreign key("profile_id") references "profiles"("id") on delete CASCADE on update NO ACTION);
INSERT INTO profile_slugs VALUES(1,1,NULL,'2025-06-07 04:46:59','2025-06-07 05:45:08','marcus-welby','en',1);
INSERT INTO profile_slugs VALUES(2,2,NULL,'2025-06-07 05:12:52','2025-06-07 05:12:52','john-thomas','en',1);
INSERT INTO profile_slugs VALUES(3,3,NULL,'2025-06-08 13:23:28','2025-06-08 14:41:55','fat-benny','en',1);
DELETE FROM sqlite_sequence;
INSERT INTO sqlite_sequence VALUES('migrations',39);
INSERT INTO sqlite_sequence VALUES('twill_fileables',0);
INSERT INTO sqlite_sequence VALUES('activity_log',101);
INSERT INTO sqlite_sequence VALUES('twill_users',1);
INSERT INTO sqlite_sequence VALUES('page_homes',1);
INSERT INTO sqlite_sequence VALUES('page_home_translations',1);
INSERT INTO sqlite_sequence VALUES('page_home_revisions',4);
INSERT INTO sqlite_sequence VALUES('twill_medias',12);
INSERT INTO sqlite_sequence VALUES('twill_blocks',40);
INSERT INTO sqlite_sequence VALUES('twill_mediables',43);
INSERT INTO sqlite_sequence VALUES('menu_links',4);
INSERT INTO sqlite_sequence VALUES('menu_link_translations',4);
INSERT INTO sqlite_sequence VALUES('pages',3);
INSERT INTO sqlite_sequence VALUES('page_slugs',5);
INSERT INTO sqlite_sequence VALUES('page_translations',3);
INSERT INTO sqlite_sequence VALUES('page_revisions',14);
INSERT INTO sqlite_sequence VALUES('jobs',6);
INSERT INTO sqlite_sequence VALUES('programs',2);
INSERT INTO sqlite_sequence VALUES('program_slugs',2);
INSERT INTO sqlite_sequence VALUES('program_revisions',24);
INSERT INTO sqlite_sequence VALUES('news',1);
INSERT INTO sqlite_sequence VALUES('news_slugs',1);
INSERT INTO sqlite_sequence VALUES('users',27);
INSERT INTO sqlite_sequence VALUES('sidemenus',3);
INSERT INTO sqlite_sequence VALUES('sidemenu_translations',3);
INSERT INTO sqlite_sequence VALUES('tkdmenus',4);
INSERT INTO sqlite_sequence VALUES('tkdmenu_translations',4);
INSERT INTO sqlite_sequence VALUES('profiles',3);
INSERT INTO sqlite_sequence VALUES('profile_slugs',3);
CREATE UNIQUE INDEX "users_email_unique" on "users" ("email");
CREATE INDEX "sessions_user_id_index" on "sessions" ("user_id");
CREATE INDEX "sessions_last_activity_index" on "sessions" ("last_activity");
CREATE INDEX "jobs_queue_index" on "jobs" ("queue");
CREATE UNIQUE INDEX "failed_jobs_uuid_unique" on "failed_jobs" ("uuid");
CREATE INDEX "personal_access_tokens_tokenable_type_tokenable_id_index" on "personal_access_tokens" ("tokenable_type", "tokenable_id");
CREATE UNIQUE INDEX "personal_access_tokens_token_unique" on "personal_access_tokens" ("token");
CREATE UNIQUE INDEX "twill_users_email_unique" on "twill_users" ("email");
CREATE INDEX "twill_blocks_blockable_type_blockable_id_index" on "twill_blocks" ("blockable_type", "blockable_id");
CREATE INDEX "twill_mediables_mediable_type_mediable_id_index" on "twill_mediables" ("mediable_type", "mediable_id");
CREATE INDEX "twill_settings_key_index" on "twill_settings" ("key");
CREATE INDEX "twill_settings_section_index" on "twill_settings" ("section");
CREATE UNIQUE INDEX "twill_setting_id_locale_unique" on "twill_setting_translations" ("twill_setting_id", "locale");
CREATE INDEX "twill_setting_translations_locale_index" on "twill_setting_translations" ("locale");
CREATE INDEX "twill_tagged_taggable_type_taggable_id_index" on "twill_tagged" ("taggable_type", "taggable_id");
CREATE UNIQUE INDEX "twill_features_unique" on "twill_features" ("featured_id", "featured_type", "bucket_key");
CREATE INDEX "twill_features_bucket_key_index" on "twill_features" ("bucket_key");
CREATE UNIQUE INDEX "related_unique" on "twill_related" ("subject_id", "subject_type", "related_id", "related_type", "browser_name");
CREATE INDEX "twill_related_browser_name_index" on "twill_related" ("browser_name");
CREATE INDEX "twill_mediables_locale_index" on "twill_mediables" ("locale");
CREATE INDEX "twill_fileables_fileable_type_fileable_id_index" on "twill_fileables" ("fileable_type", "fileable_id");
CREATE INDEX "twill_fileables_locale_index" on "twill_fileables" ("locale");
CREATE INDEX "activity_log_log_name_index" on "activity_log" ("log_name");
CREATE INDEX "twill_password_resets_email_index" on "twill_password_resets" ("email");
CREATE INDEX "twill_password_resets_token_index" on "twill_password_resets" ("token");
CREATE UNIQUE INDEX "page_home_id_locale_unique" on "page_home_translations" ("page_home_id", "locale");
CREATE INDEX "page_home_translations_locale_index" on "page_home_translations" ("locale");
CREATE INDEX "menu_links__lft__rgt_parent_id_index" on "menu_links" ("_lft", "_rgt", "parent_id");
CREATE UNIQUE INDEX "menu_link_id_locale_unique" on "menu_link_translations" ("menu_link_id", "locale");
CREATE INDEX "menu_link_translations_locale_index" on "menu_link_translations" ("locale");
CREATE INDEX "pages__lft__rgt_parent_id_index" on "pages" ("_lft", "_rgt", "parent_id");
CREATE UNIQUE INDEX "page_id_locale_unique" on "page_translations" ("page_id", "locale");
CREATE INDEX "page_translations_locale_index" on "page_translations" ("locale");
CREATE INDEX "page_slugs_locale_index" on "page_slugs" ("locale");
CREATE INDEX "programs__lft__rgt_parent_id_index" on "programs" ("_lft", "_rgt", "parent_id");
CREATE INDEX "program_slugs_locale_index" on "program_slugs" ("locale");
CREATE INDEX "news_slugs_locale_index" on "news_slugs" ("locale");
CREATE INDEX "sidemenus__lft__rgt_parent_id_index" on "sidemenus" ("_lft", "_rgt", "parent_id");
CREATE UNIQUE INDEX "sidemenu_id_locale_unique" on "sidemenu_translations" ("sidemenu_id", "locale");
CREATE INDEX "sidemenu_translations_locale_index" on "sidemenu_translations" ("locale");
CREATE INDEX "tkdmenus__lft__rgt_parent_id_index" on "tkdmenus" ("_lft", "_rgt", "parent_id");
CREATE UNIQUE INDEX "tkdmenu_id_locale_unique" on "tkdmenu_translations" ("tkdmenu_id", "locale");
CREATE INDEX "tkdmenu_translations_locale_index" on "tkdmenu_translations" ("locale");
CREATE INDEX "profile_slugs_locale_index" on "profile_slugs" ("locale");
COMMIT;
